Country,Population_2014,Population_2015,Population_2016,Population_2017,Cereals - Excluding Beer_2014,Cereals - Excluding Beer_2015,Cereals - Excluding Beer_2016,Cereals - Excluding Beer_2017,Starchy Roots_2014,Starchy Roots_2015,Starchy Roots_2016,Starchy Roots_2017,Sugar Crops_2014,Sugar Crops_2015,Sugar Crops_2016,Sugar Crops_2017,Sugar & Sweeteners_2014,Sugar & Sweeteners_2015,Sugar & Sweeteners_2016,Sugar & Sweeteners_2017,Pulses_2014,Pulses_2015,Pulses_2016,Pulses_2017,Treenuts_2014,Treenuts_2015,Treenuts_2016,Treenuts_2017,Oilcrops_2014,Oilcrops_2015,Oilcrops_2016,Oilcrops_2017,Vegetable Oils_2014,Vegetable Oils_2015,Vegetable Oils_2016,Vegetable Oils_2017,Vegetables_2014,Vegetables_2015,Vegetables_2016,Vegetables_2017,Fruits - Excluding Wine_2014,Fruits - Excluding Wine_2015,Fruits - Excluding Wine_2016,Fruits - Excluding Wine_2017,Stimulants_2014,Stimulants_2015,Stimulants_2016,Stimulants_2017,Spices_2014,Spices_2015,Spices_2016,Spices_2017,Alcoholic Beverages_2014,Alcoholic Beverages_2015,Alcoholic Beverages_2016,Alcoholic Beverages_2017,Meat_2014,Meat_2015,Meat_2016,Meat_2017,Offals_2014,Offals_2015,Offals_2016,Offals_2017,Animal fats_2014,Animal fats_2015,Animal fats_2016,Animal fats_2017,Eggs_2014,Eggs_2015,Eggs_2016,Eggs_2017,Milk - Excluding Butter_2014,Milk - Excluding Butter_2015,Milk - Excluding Butter_2016,Milk - Excluding Butter_2017,"Fish, Seafood_2014","Fish, Seafood_2015","Fish, Seafood_2016","Fish, Seafood_2017",Miscellaneous_2014,Miscellaneous_2015,Miscellaneous_2016,Miscellaneous_2017,Region,"GDP (PPP$, 2017)"
Afghanistan,33370.79,34413.6,35383.03,36296.11,177.94,174.73,175.44,177.3,6.61,6.37,6.41,6.29,0,0,0,0,9.82,9.45,10.65,9.64,2.11,2.29,2.39,2.11,0.93,0.67,0.89,0.55,0.55,0.48,0.49,0.5,3.54,3.42,3.75,3.82,42.67,42.29,72.26,48.34,33.53,37.96,31.01,38.23,2.97,2.11,1.45,2.2,0.02,0.04,0.27,0.41,0.04,0.01,0.01,0.01,10.62,9.98,9.05,8.59,1.6,1.57,1.44,1.47,1.76,1.67,1.76,1.41,1.48,1.33,1.33,1.5,64.37,57.47,56.21,54.19,0.19,0.21,0.23,0.25,0.91,0.65,0.59,0.52,Asia,"1,976"
Albania,2896.3,2890.51,2886.44,2884.17,150.73,148.13,152.89,145.76,44.81,44.93,45.26,45.62,NA,NA,NA,NA,33.39,36.12,36.25,38.74,5.88,5.91,5.95,6,3.46,3.57,2.8,3.82,23.09,23.23,23.37,23.64,7.68,8.04,7.7,8.22,255.39,261.72,284.68,296.86,162.18,169.1,176.27,171.08,2.59,2.67,2.69,2.66,0.06,0.07,0.07,0.02,39.93,38.44,38.05,42.15,51.33,41.72,41.44,47.51,4.83,5.27,4.99,5.86,3.13,3.61,3.33,3.42,13.97,14.95,15.26,14.66,339.51,352.17,386.37,396.34,5.34,5.35,5.36,5.36,2.48,3.39,3.34,2.83,Europe,"12,943"
Algeria,38923.69,39728.03,40551.39,41389.19,220.97,220.88,220.28,218.56,65.65,65.65,67.09,66.04,NA,NA,NA,NA,28.8,28.89,29.42,29.3,6.78,7.37,6.33,7.64,2.09,2.26,2.03,1.84,3.72,4.3,5.08,5.58,14.88,15.55,16.33,16.47,179.79,184.83,190.2,186.08,109.01,112.63,104.11,101.92,3.71,3.66,3.82,3.54,0.87,0.94,0.91,0.89,4.42,4.39,4.66,4.33,20.13,19.36,19.25,18.06,1.51,1.42,1.42,1.39,0.55,0.52,0.53,0.45,7.93,8.65,8.56,8.43,151.06,125.37,116.1,121.71,4.4,4.16,3.92,3.86,2.87,2.96,2.84,2.67,Africa,"15,293"
Angola,26941.78,27884.38,28842.49,29816.77,97.16,98.88,99.88,104.01,186.23,198.26,210.95,206.8,0,0,0,0,26.15,17.31,17.05,21.12,8.28,8.37,7.7,7.43,0.16,0.1,0.07,0.07,5.57,5.57,4.83,4.78,7.04,6.51,6.81,7.38,32.09,27.42,24.99,26.31,74.63,68.96,66.99,68.52,1.37,0.82,0.57,0.58,0.04,0.02,0.01,0.01,75.39,70.93,63.73,66.33,30.04,25.84,21.55,23.49,2.47,1.94,1.61,1.77,0.93,0.78,0.64,0.64,1.22,0.63,0.7,0.67,15.3,10.12,9.86,9.49,26.36,22.72,19.52,20.22,2.85,1.52,1.4,1.33,Africa,"6,658"
Antigua and Barbuda,92.56,93.57,94.53,95.43,83.99,86.55,82.06,75.93,18.93,16.17,15.19,18.39,NA,NA,NA,NA,45.52,43.07,46.29,49.07,2.61,2.52,1.76,2.33,0.39,0.37,0.29,0.32,2.93,2.81,2.62,2.75,10.15,10.81,11.07,10.26,63.54,62.9,54.85,69.01,126.15,129.78,129.83,136.07,1.79,1.38,1.38,1.98,1.34,1.35,1.07,1.93,30.33,31.48,43.82,45.29,73.35,72.13,64.17,72.04,2.48,2.52,2.06,2.81,0.13,0.11,0.11,0.11,2.98,3.76,2.84,2.88,76.96,82.16,80.05,80.62,54.17,53.59,53.04,52.54,12.66,5.54,12.5,9.04,North America,"23,522"
Argentina,42637.51,43075.42,43508.46,43937.14,130.27,131.79,127.06,130.63,45.68,45.95,46.64,47.25,NA,NA,NA,NA,47.96,47.36,46.11,47.43,0.88,0.83,0.82,0.82,0.27,0.26,0.32,0.31,0.18,0.18,0.18,0.18,15.12,14.67,15.26,14.82,64.91,66.3,66.03,67.57,86.1,90.78,89.63,93.87,6.2,6.71,6.61,6.8,0.16,0.18,0.19,0.19,63.93,63.82,62.99,66.28,103.47,108.95,108.18,109.38,5.71,5.81,5.67,5.87,3.03,3.1,3.67,3.47,12.53,14.76,15.4,15.5,190.61,196.78,181.22,158.94,5.88,7.21,6.07,7.29,NA,NA,NA,NA,South America,"20,829"
Armenia,2912.41,2925.55,2936.14,2944.79,144.38,145.13,146.59,146.9,41.64,43.6,45.43,40.98,NA,NA,NA,NA,51.76,52.28,52.39,53.5,3.49,2.62,2.43,2.9,0.98,1.68,1.73,2.23,1.61,1.43,0.96,1.81,9.76,9.73,9.75,9.47,406.59,415.33,369.65,336.18,109.65,119.26,103.14,122.76,3.63,3.91,4.04,3.75,0.08,0.1,0.11,0.11,7.35,7.62,7.47,8.08,44.56,43.7,42.69,45.64,5,5.38,5.64,6.12,4.21,3.72,3.94,3.69,11.16,11.28,11.83,11.64,207.1,193.96,207.7,200.09,5.5,6.59,6.54,5.83,3.48,4.21,3.9,4.74,Europe,"9,668"
Australia,23596.42,23932.5,24262.71,24584.62,96.5,94.1,97.29,99.71,53.03,52.72,50.24,50.57,0,0,0,0,47.65,46.61,47.12,46,0.98,0.67,0.67,0.99,4.9,4.1,4.86,5.76,5.84,5.84,6.15,6.7,23.52,23.06,23.72,23.21,87.68,91.24,94.14,93.23,74.3,72.93,79.25,75.96,8.44,9.07,8.09,5.31,0.87,0.94,1.08,0.83,108.44,106.51,103.94,100.54,119.47,123.26,123.04,121.6,9.57,10.75,9.45,7.69,5.63,5.64,5.79,5.7,7.62,7.42,7.89,8.03,226.52,221.47,211.3,219.48,26.41,24.82,25.7,25.87,13.03,14.03,13.86,9.6,Oceania,"49,378"
Austria,8615.21,8678.66,8747.3,8819.9,119.98,115.73,116.73,115.74,58.38,55.46,57.39,56.92,NA,NA,NA,NA,46.14,48.23,49.98,48.62,0.7,0.74,0.77,0.85,4.91,4.38,3.6,4.41,4.73,5.78,5.89,5,15.54,15.64,15.52,15.11,103.18,91.17,95.77,95.21,93.31,100.2,74.58,85.84,8.18,8.09,8.09,7.65,0.84,0.88,0.89,0.92,140.13,136.68,130.32,130.83,90.48,90.59,88.01,87.22,0.81,0.9,1.52,1.96,16.04,15.87,15.32,15.94,13.72,13.82,13.86,14.69,234.11,227.08,234.91,230.63,14,14.03,14.05,14.09,0.01,0.06,0.06,0.01,Europe,"53,879"
Azerbaijan,9505.62,9622.75,9736.04,9845.32,208.94,206.13,209.85,207.36,72.02,71.04,74.28,74.52,NA,0,0,0,22.26,24.44,21.13,24.59,1.01,1,0.86,0.55,2.3,2.89,2.58,3.02,0.32,0.24,0.25,0.23,3.56,3.62,3.55,3.54,156.18,163.64,160.46,159.61,68.8,73.9,77.08,76.02,0.33,0.33,0.32,0.93,0.12,0.08,0.05,0.07,62.93,58.4,53.51,56.98,32.44,33.53,32.64,34.08,2.37,2.56,2.44,2.43,3.25,3.74,4.19,4.03,8.55,8.34,8.56,8.86,127.06,127.23,132.45,131.82,1.93,1.37,2.19,3.2,2.44,2.79,2.19,0.23,Europe,"17,450"
Bahamas,370.63,374.21,377.93,381.75,44,40.31,43.78,42.13,10.52,10.56,11.52,11.93,0,0,NA,NA,68.25,68.42,69.77,70.3,0.96,0.73,0.51,0.57,0.86,0.77,0.51,0.56,7.54,8.42,7.89,7.91,5.7,4.63,6.02,5.78,85.84,88.41,89,87.83,143.38,147.89,145.55,150.12,3.34,3.22,1.67,1.76,1.59,1.88,0.99,1,23.19,22.47,22.6,22.82,77.7,72.83,69.78,67.04,1.51,1.48,3.01,3.64,0.09,0.1,0.08,0.07,4.7,4.37,6.98,7.07,25.39,25.55,22.4,24.61,28.13,27.86,27.59,27.31,39.29,36.4,41.52,33.16,North America,"30,495"
Bangladesh,154517.38,156256.28,157977.15,159685.42,285.63,285.08,286.39,287.28,47.72,46.65,48.36,51.45,1.94,1.92,1.9,1.88,9.52,9.26,9.11,8.95,6.24,6.39,6.66,6.81,0.94,0.81,0.9,0.9,0.82,0.76,0.76,0.79,6.54,6.93,7.14,7.34,30.57,34.77,33.95,35.09,24.58,26.56,27.07,27.62,0.42,0.47,0.45,0.51,2.8,3.25,3.14,3.08,0.03,0.04,0.03,0.03,4.05,4.04,3.97,4.04,0.43,0.43,0.54,0.61,0.15,0.15,0.15,0.15,1.75,1.87,2.15,2.85,18.17,18.14,18.13,18.1,22.92,23.86,24.57,24.31,0.13,0.21,0.16,0.19,Asia,"3,877"
Barbados,284.83,285.32,285.8,286.23,97.55,95.29,104.4,98.45,47.72,47.44,47.63,49.81,0,0,0,0,58.71,58.43,53.68,52.9,7.29,7.74,6.91,7.8,0.96,1,0.96,1.04,11.02,11.79,11.14,10.66,10.7,11.05,10.99,10.59,63.92,61.55,62.65,66.79,59.61,62.08,67.27,71.67,1.99,2.38,1.78,2.1,1.37,1.93,1.75,1.91,50.03,49.27,29.42,43.51,70.22,76.06,73.61,71.37,2.14,2.02,1.99,2.08,3.05,2.75,2.19,2.7,8.13,8.86,11.21,9.51,34.44,33.68,25.65,26.9,40.17,40.1,40.03,39.97,39.92,37.84,37.47,40.3,North America,"18,559"
Belarus,9431.74,9439.42,9445.64,9450.23,122.94,117.59,123.21,122.14,178.73,170.64,170.69,178.29,0,0,0,0,79.3,77.97,77.45,78.08,0.02,0.03,0.02,0.02,2.39,2.3,2.26,2.72,1.57,1.42,1.28,1.4,20.95,18.46,19.26,17.12,153.19,143.15,164.19,170.84,63.73,66.65,73.61,69.35,1.7,1.61,1.96,2.22,0.15,0.13,0.12,0.13,78.06,73.7,75.78,73.04,79.96,79.46,80.31,81.46,7.45,7.92,7.6,7.38,7.19,6.42,6,6.52,14.57,14.77,14.12,14.71,139.31,135.55,114.16,120.76,16.31,16.3,16.28,16.28,8.07,5.95,8.86,9.79,Europe,"18,896"
Belgium,11221.23,11287.94,11354.42,11419.75,139.81,133.85,138.2,135.53,98.72,90.7,80.41,89.72,NA,NA,NA,NA,60.25,71.48,73.94,74.19,2.61,2.54,2.41,2.3,3.09,3.06,2.78,2.66,2.16,1.94,2.04,1.96,11.02,10.77,11.8,11.46,126.14,129,139.65,138.49,52.29,163.57,119.56,84.57,6.11,5.63,5.19,5,0.82,0.81,0.83,0.83,107.44,103.99,103.73,109.17,69.45,65.82,63.35,65.77,2.64,2.18,2.08,4.44,19.4,17.3,14.23,17.39,12.05,13.42,12.25,13.18,230.47,243.45,243.17,236.39,26.19,24.72,23.75,23.01,NA,NA,NA,NA,Europe,"49,367"
Belize,353.37,360.93,368.4,375.77,133.7,135.21,137.58,130.37,14.69,12.51,12.77,12.5,NA,NA,NA,NA,47.77,47.3,47.03,46.87,13.8,12.92,14.04,13.26,1.54,0.83,0.48,0.4,3.64,4.32,4.96,4.64,9.23,8.98,10.07,12.01,40.94,42.25,54.06,56.2,172.12,168.47,124.27,148.5,1.61,1.34,1.29,1,0.25,0.25,0.24,0.23,41.65,41.28,41.2,39.81,43.11,41.97,41.4,41.09,0.74,0.73,0.63,0.67,0.62,1.43,0.67,0.98,4.41,4.66,5.75,4.62,37.49,47.25,47.32,42.77,12.93,12.66,12.4,12.16,17.92,18.66,13.18,20.79,North America,"8,525"
Benin,10286.84,10575.95,10872.06,11175.2,142.68,140.2,136.93,138.07,282.13,284.43,285.68,283.76,NA,NA,NA,NA,8.55,8.71,8.55,9.52,10.43,10.48,10.52,10.57,6.96,7.13,6.45,5.78,10.74,10.16,9.7,9.51,7.35,7.72,8.67,10.59,60.44,58.83,63.21,60.21,42.86,37.06,45.57,42.36,0.07,0.08,0.08,0.06,6.2,6.27,6.33,6.4,91.83,89.72,87.53,84.68,26.25,24.05,21.26,20.24,0.93,0.93,0.96,1.19,0.19,0.19,0.2,0.19,0.93,1.01,1.04,1.02,14.42,14.46,13.92,13.57,20.1,19,20.15,17.6,2.59,3.25,3.7,2.08,Africa,"2,276"
Bolivia,10706.52,10869.73,11031.81,11192.85,134.4,137.49,137.55,137.08,85.53,85.95,85.83,86.11,0,0,0,0,29.82,29.3,29.59,28.65,3.95,3.97,4.01,4.07,7.91,8.8,8.27,7.89,1.03,1.31,1.41,1.53,3.25,3.53,3.61,3.98,35.9,37.15,35.83,35.89,83.25,84.09,86.03,83.63,2.13,2.26,2.33,2.32,0.38,0.36,0.42,0.47,36.02,28.74,31.84,32.25,64.75,68.25,69.9,71.39,3.48,3.55,3.48,1.12,1.39,0.98,1,0.99,5.67,5.81,7.06,7.38,45.68,50.86,44.17,47.75,2.39,2.65,2.63,2.57,1.77,1.68,1.87,1.85,South America,"7,576"
Bosnia and Herzegovina,3482.11,3429.36,3386.27,3351.53,170.89,171.09,168,172.86,77.29,78.33,79.35,80.32,NA,NA,NA,NA,37.51,37.9,36.25,32.51,6.96,6.54,6.18,5.39,1.14,1.45,1.5,1.63,3.52,3.74,6.17,1.91,8.03,7.96,8.33,8.34,203.49,219.53,243.13,230.86,80.51,96.44,107.34,92.05,6.6,6.72,6.84,6.95,8.28,8.46,7.94,7.78,83.33,86.92,92.25,94.96,34.53,34.41,35.32,36.03,2.35,2.69,2.44,2.16,1.34,1.22,1.08,1.16,4.89,5.31,5.07,5.11,189.29,200.46,205.31,197.24,4.7,4.78,4.84,4.89,6.75,9.12,8.96,9.64,Europe,"13,108"
Botswana,2088.62,2120.72,2159.93,2205.08,113.94,115.64,117.75,122.33,54.81,56.13,54.07,50.95,0,0,0,0.01,33.47,32.55,32.16,51.21,4.16,4.09,3.29,2.92,0.24,0.24,0.25,0.16,0.97,1.47,2.11,2.16,10.77,10.67,10.89,10.77,36.47,47.61,47.39,43.4,29.23,33.77,35.52,30.46,1.83,1.76,1.51,1.43,2.21,2.05,1.73,1.74,43.82,42.37,42.18,45.71,27.4,26.12,24.79,24.44,2.32,2.83,2.91,3.27,4.95,4.6,6.34,3.64,1.77,1.35,1.5,1.5,168.36,165.73,153.49,117.94,4.46,3.95,3.88,3.8,16.61,19.68,17.73,17.22,Africa,"17,024"
Brazil,202763.74,204471.77,206163.05,207833.82,131.91,126.89,126.46,129.89,57.11,56.1,53.44,52.33,16.35,17.38,15.74,15.58,43.07,42.92,42.77,42.77,14.82,14.56,14.28,14.26,0.53,0.58,0.39,0.79,13.74,12.36,12.49,10.93,19.95,19.52,20.28,19.76,52.25,50.4,50.87,50.96,104.29,100.62,92.67,93.9,3.47,4.14,7.76,4.66,0.1,0.11,0.12,0.11,73.49,70.16,66.51,67.23,96.23,97.88,97.27,99.83,2.35,2.36,2.32,2.33,4.07,4.16,4.25,4.32,8.12,7.93,7.66,7.77,153.37,150.28,147.97,143.95,9.94,9.02,9.05,9.09,0,0,0.02,0.01,South America,"15,553"
Bulgaria,7245.65,7199.74,7151.95,7102.44,160.74,134.06,136.52,129.14,21.72,26.06,21.47,27.03,NA,NA,NA,NA,31.53,33.86,34.37,34.38,2.23,2.32,2.21,2.2,1.17,1,1.07,1.16,5.95,5.44,5.61,5.02,8.81,10.23,10.55,10.31,66.85,76.23,92.16,90.27,41.34,49.51,49.76,57.93,3.65,3.8,3.98,4.1,1.22,2.79,10.36,8.8,89.74,96.93,97.02,103.07,56.61,56.74,58.01,58.31,3.88,4.07,4.29,4.45,2.82,3.5,3.61,3.62,7.93,8.33,8.72,8.62,162.91,155,163.6,168.78,6.43,6.98,7.18,7.05,2.97,3.1,3.39,3.28,Europe,"20,948"
Burkina Faso,17586.03,18110.62,18646.36,19193.23,220.44,214.74,213.17,211.5,10.86,10.6,9.89,9.7,0,0,0,0,8.7,9.55,10.15,11.26,14.5,14.77,14.82,14.26,1.2,0.5,0.56,0.71,17.34,18.53,18.77,18.62,7.66,8.53,9.29,9.48,16.3,15.88,15.6,15,5.52,5.63,5.36,6.58,0.62,0.86,0.66,0.21,0.34,0.34,0.37,0.32,183.31,174.55,161.27,153.34,13.05,12.79,12.58,12,1.93,1.8,1.72,1.66,0.5,0.47,0.45,0.23,2.58,2.6,2.49,2.4,19.65,21.55,23.2,23.14,6.53,6.89,7.27,7.06,2.54,2.43,1.83,1.37,Africa,"1,866"
Ivory Coast,22647.68,23226.14,23822.71,24437.47,137.1,137.84,143.72,147.99,288.62,293.06,297.52,301.03,0,0,0,0,7.98,9.35,9.86,10.15,2.13,2.11,2.24,2.23,5.49,5.52,6.2,7.03,7.73,12.09,11.68,7.82,10.9,10.87,10.57,11.18,36.27,37.01,36.54,36.29,67.63,66.29,63.75,62.95,0.35,0.6,0.28,0.98,1.45,1.54,1.58,1.61,24.08,16.55,16.44,18.71,11.19,10.86,12.07,12.38,3.63,3.99,3,3.42,0.12,0.13,0.2,0.17,1.81,2.1,2.1,2.05,1.6,1.81,1.74,1.66,16.51,18.37,18.43,17.97,0.15,0.14,0.35,0.21,Europe,"3,945"
Cabo Verde,518.27,524.74,531.15,537.5,156.7,159.28,161.57,154.97,38.96,35.23,36.24,40.25,NA,NA,NA,NA,24.02,22.49,22.49,22.41,10.89,12.6,10.91,11.93,0.24,0.24,0.16,0.27,6.39,6.05,5.66,5.65,9.11,9.11,9.12,9.92,87.79,80.3,80.23,69.48,49.8,46.33,45.07,48.6,1.65,1.54,1.64,1.75,2.92,2.91,2.93,2.86,41.03,41,41.39,41.7,31.2,31.36,32.74,32.18,0.92,1.01,1.37,1.1,0.49,0.49,0.38,0.38,4.71,4.51,4.75,4.82,55.35,56.14,54.63,52.57,12.47,12.56,11.23,11.1,9.79,10.84,10.71,11.72,Africa,"6,913"
Cambodia,15274.5,15521.44,15766.29,16009.41,255.11,253.13,251.5,250.79,31.09,31,30.82,30.75,7.2,7.73,8.25,8.43,24.89,26.29,28.9,30.15,4.8,4.77,4.79,4.94,0.36,0.42,0.25,0.24,7.98,8.46,9.05,7.96,2.26,2.21,2.3,2.53,31.5,31.06,30.89,30.3,23.62,23.15,22.65,23.36,0.53,0.39,0.5,1.27,0.86,0.91,0.87,0.79,34.72,44.89,45.19,46.13,12.84,12.45,12.39,12.34,1.28,1.26,1.2,1.22,0.77,0.77,0.73,0.38,1.44,1.34,1.31,1.32,2.39,2.22,2.42,3.31,42.37,41.22,42.23,42.69,1.87,1.61,2,4.89,Asia,"6,913"
Cameroon,22681.85,23298.37,23926.55,24566.07,139.11,142.23,140.99,141.01,153.7,155.53,155.78,155.74,0,0,0,0,9.12,8.35,8.36,8.86,19.3,19.63,20.15,20.15,1.89,1.86,1.85,1.81,17.46,14.24,13.71,11.84,9.35,9.18,9.07,8.75,110.38,111.31,118.96,121.15,95.72,93.52,96.58,98.67,0.49,0.51,0.59,0.32,3.05,2.97,3.56,3.87,76.14,71.19,70.21,70.51,12.91,12.84,12.37,11.98,1.25,1.23,1.14,0.92,0.23,0.23,0.23,0.2,0.35,0.36,0.35,0.35,10.06,9.54,9.14,8.6,19.81,20.14,21.04,18.06,0.85,1.32,0.87,0.98,Africa,"3,722"
Canada,35664.34,36026.68,36382.94,36732.1,107.53,112.12,115.37,118.71,64.51,68.57,67.69,64.57,NA,NA,NA,NA,93.46,93.03,93.48,92.84,11.58,5.18,10.5,11.65,2.66,2.61,2.68,2.66,8.13,6.45,7,8.01,26.94,26.68,25.04,24.84,104.59,103.54,104.08,101.57,98.14,94.17,98.95,93.68,7.84,7.84,7.85,7.49,1.08,1.07,1.04,1.06,86.54,86.48,86.31,89.52,89.35,91.17,83.84,82.62,0.06,0.7,0.2,0.18,14.2,15.87,15.88,14.94,13.11,13.6,14,14.17,178.66,165.64,170.17,161.88,23.04,22.22,22.67,22.45,9.71,13.1,11.8,11.22,North America,"46,510"
Central African Republic,4464.18,4493.17,4537.69,4596.02,41.68,37.44,37.5,37.34,267.43,268.17,267.39,266.4,0,0,0,0,8.93,6.65,6.28,6.75,7.73,7.68,8.09,8.59,0,0,0,0,6.7,6.66,6.68,6.7,8.01,7.51,7.15,6.96,18.62,18.81,18.43,18.47,33.58,40.16,44.05,43.78,2.3,1.89,2.07,1.93,0.03,0.03,0.03,0.03,16.77,16.05,16.45,16.76,35.05,35.14,35.66,35.9,3.94,3.96,3.97,4.17,1.16,1.14,1.17,1.18,0.43,0.43,0.46,0.49,16.73,16.84,16.95,16.9,8.02,7.93,7.83,7.73,0.54,0.57,0.37,0.59,Africa,727
Chad,13663.57,14110.98,14561.66,15016.75,168.88,155.87,154.12,148.41,46.23,45.89,48.42,48.03,0,0,0,0,9.84,9.15,9.42,9.24,9.21,9.52,9.74,9.71,0,0,0,0,21.15,21.12,20.96,20.82,3.8,3.23,3.25,3.13,7.31,8.55,6.46,6.28,8.11,7.83,7.53,7.33,0.07,0.09,0.05,0.06,0,0,0,0,6.46,6.6,6.46,5.7,12.4,24.95,25.94,26.48,2.2,7.91,8.17,8.42,0.4,1.3,1.34,1.39,0.36,0.35,0.33,0.34,21.89,36.27,36.09,40.56,8.93,7.14,7.6,7.18,0.75,0.78,0.37,0.44,Africa,"1,945"
Chile,17758.96,17969.35,18209.07,18470.44,146.76,144.39,147.17,146.84,56.23,55.12,60.22,63.81,NA,NA,NA,NA,48.39,48.4,47.98,48.12,3.25,3.31,3.18,3.62,1.55,1.24,1.41,1.61,3.24,3.49,3.35,3.5,8.27,7.97,7.9,7.35,73.05,65.47,69.51,71.8,56.91,57.05,53.04,52.89,2.25,2.23,1.7,1.83,0.1,0.18,0.21,0.18,67.31,67.59,67.67,67.2,81.74,81.98,84.75,83.16,0.66,0.74,0.84,0.71,2.84,2.7,2.09,2.41,10.14,10.53,10.41,10.49,86.91,89.4,91.18,94.62,12.68,11.44,11.25,11.78,1.86,3.96,4.03,4.09,South America,"24,747"
China,1430670.82,1438193.43,1445523.93,1452625.24,194.38,195.98,194.63,195.57,65.54,66.24,65.62,66.6,0.03,0.01,0.08,0.06,7.52,7.89,8.06,8.24,1.26,1.27,1.29,1.37,2.55,2.64,2.83,2.94,9.43,9.51,10,9.94,7.65,7.8,7.48,7.72,350.78,367.23,370.82,377.17,95.04,94.81,95.98,97.93,1.34,1.45,1.45,1.56,0.44,0.34,0.27,0.33,43.68,42.5,40.94,40.17,60.83,60.69,60.83,60.59,3.59,3.55,3.92,3.99,1.8,1.9,1.85,1.88,18.63,22.08,22.35,22.72,28.71,24.61,24.17,24.05,35.93,37.49,37.96,38.17,0.26,0.31,0.36,0.4,Asia,"16,842"
"China, Hong Kong SAR",7134.67,7186,7243.54,7306.32,133.5,133.25,133.25,133.56,9.11,11.14,9.2,10.28,0,0,0,0,54.54,53.84,53.68,53.34,1.23,1.23,1.16,1.05,7.7,8.22,7.36,7.9,4.67,4.84,5,5.17,10.05,9.37,8.97,7.79,126.15,123.11,124.98,129.85,80.38,77.47,73.94,69,3.33,3.5,3.66,3.75,0.53,0.53,0.54,0.56,30.11,30.84,31.3,31.42,129.21,121.42,128.29,137.07,33.9,28.32,29.27,32.82,0.7,0.61,0.5,0.59,17.46,17.57,18.34,18.53,35.82,36.62,35.15,33.25,67.71,73.57,71.36,70.75,22.79,24.61,28.32,28.24,Asia,"61,671"
"China, Macao SAR",590.21,602.09,612.84,622.59,112.48,116.59,114.62,110.68,15.13,14.83,15.31,15.85,1.37,0.95,0.94,1.25,101.05,91.19,89.97,92.57,2.59,2.77,2.41,1.08,2.27,2.07,2.19,2.4,7.6,7.12,7.43,6.68,14.14,13.29,13.42,13.36,114.72,120.13,122.07,134.57,53.92,52.58,54.63,42.83,3.83,3.4,3.34,3.51,0.96,0.69,0.81,0.93,46.29,42.18,39.67,43.05,102.76,100.75,104.13,103.14,4.47,4.43,3.64,6.01,2.16,1.94,1.75,1.8,19.13,18.85,19.59,18.17,26.16,24.84,19.32,31.61,62.39,62.32,57.23,56.33,40.66,41.04,40.4,39.61,Asia,"115,367"
Colombia,46967.7,47520.67,48175.05,48909.84,107.7,115.37,122.14,127.49,78.51,78.27,79.08,79.13,0.45,0.44,0.44,0.44,63.38,66.5,74.62,74.74,5.95,6.02,5.51,5.51,0.23,0.51,1.18,1.49,3.47,3.42,3.56,3.58,15.59,14.29,14.04,14.87,44.42,42,48.57,48.73,164.13,181.21,179.04,178.17,1.62,1.38,0.86,0.09,0.45,0.51,0.53,0.54,45.95,48.87,50.52,48.81,52.9,54.45,55.07,55.9,2.87,2.87,2.75,2.72,1.41,1.4,1.25,1.28,11.8,12.19,12.57,12.79,122.31,118.76,117.46,121.81,7.49,7.37,7.27,7.16,1.03,1.22,1.16,1.22,South America,"14,503"
Congo,4736.98,4856.1,4981,5110.69,69.63,72.31,73.31,76.66,284.66,284.56,285.1,284.83,0,0,0,0,17.67,17.96,16.18,17.04,2.93,2.82,2.8,2.95,0.02,0.02,0.02,0.02,4.78,4.51,4.39,4.45,8.54,8.71,8.34,8.21,32.6,31.45,30.4,31.27,51.98,50.48,50.4,49.03,0.17,0.22,0.18,0.21,0.07,0.06,0.07,0.04,67.19,67.52,64.18,60.79,27.93,38.77,38.03,40.11,2.97,3.61,3.69,3.73,0.11,0.18,0.13,0.15,0.59,0.71,0.6,0.56,1.59,1.33,1.28,1.18,27.93,25.19,27.67,29.34,3.13,2.88,2.77,2.12,Africa,"5,454"
Costa Rica,4795.4,4847.8,4899.35,4949.95,123.37,119.89,127.55,120.06,24.64,20.99,22.15,21.73,NA,NA,NA,NA,53.78,53.29,55.49,54.07,11.08,10.31,10.84,11.58,0.53,0.54,0.55,0.55,3.99,3.76,4.03,4.04,15.76,16.12,16.81,19.91,42.22,52.06,46.5,41.36,103.24,145.45,149.55,131.97,5.95,3.64,4.43,4.41,0.41,0.57,0.61,0.6,24.02,24.67,22.76,23.54,49.82,50.86,51.9,53.55,1.74,1.54,1.62,1.61,2.05,2,2.27,2.12,9.76,9.79,10.56,10.51,173.83,175.75,175.85,172.63,14.2,14.73,16.55,18.46,0.64,0.52,0.4,0.38,North America,"17,110"
Croatia,4255.51,4232.87,4208.6,4182.86,119.97,126.73,128.82,117.64,38.14,38.95,39.02,36.84,NA,NA,NA,NA,56.86,52.55,53.52,62.93,0.78,0.76,0.75,0.76,1.98,1.93,1.53,1.55,3.86,6.69,6.93,7.12,8.18,7.72,8.71,7.76,57.61,70.97,258.3,255.12,74.04,83.74,65.62,69.48,4.42,4.47,4.54,5.01,0.35,0.35,0.36,0.48,97.79,98.94,100.13,101.58,68.57,71.08,71.27,75.29,4.31,3.99,3.86,3.85,3.43,3.88,4.11,4.68,7.52,7.16,8.4,8.06,221.14,236.54,239.17,242.15,18.03,16.81,17.02,18.74,NA,NA,NA,NA,Europe,"26,296"
Cuba,11306.9,11324.78,11335.1,11339.25,183.31,175.74,175.2,167.76,78.14,83.93,80.99,87.09,0,0,0,0,53.86,53.43,52.61,53.41,16.57,16.51,19.23,19.15,0.01,0.01,0.01,0.01,8.23,5.65,9.41,9.03,7.41,7.27,7.32,7.66,122.36,130.08,126.25,141.46,132.21,146.34,156.35,152.62,1.69,1.23,1.32,1.11,0.14,0.14,0.14,0.15,33.35,34.55,34.26,34.78,47.97,49.98,52.17,55.47,2.06,2.07,2.24,2.46,1.76,1.88,2.02,2.03,9.02,8.18,8.53,8.89,93.89,90.67,96.6,94.55,6.28,6.85,6.25,5.69,0.7,1.36,0.72,1.33,North America,NULL
Cyprus,1152.29,1160.98,1170.19,1179.68,100.8,102.16,101.03,96.76,18.48,24.33,24.17,24.25,0,0,0,0,58.71,58.1,58.36,57.79,3.12,2.92,3.03,2.89,2.7,2.61,2.54,2.44,7.52,5.65,4.9,5.6,16.7,14.77,15.51,16.35,98.65,96.76,97.05,101.2,76.22,92.16,80.53,84.89,3.27,3.28,3.17,3.27,0.42,0.41,0.41,0.42,50.57,48.29,45.41,47.18,71.96,70.35,71.37,72.82,1.64,2.15,2.13,2.17,0.37,0.38,0.37,0.38,8.5,7.58,7.57,7.87,105.29,108.67,111.09,113.33,23.92,23.05,23.55,24.94,15.67,17.79,19.82,20.35,Europe,"36,012"
Czechia,10591.11,10601.4,10618.86,10641.03,118.42,114.17,107.71,98.98,63.81,49.23,62.2,59.09,NA,NA,NA,NA,62.47,63.62,63.95,66.2,1.93,1.95,1.96,1.98,0.78,0.64,0.77,0.83,2.04,1.92,1.86,1.65,14.3,11.56,16.24,17.13,71.8,71.41,77.67,78.73,50.42,56.24,54.81,59.04,2.5,2.49,2.32,2.33,0.59,0.57,0.58,0.55,157.48,160.77,162.38,171.23,76.81,80.42,81.26,82.78,2.75,2.57,2.38,2.33,14.07,15.47,15.73,15.55,8.45,8.4,8.59,8.63,189.88,187.13,195.93,190.93,8.78,9.3,8.94,9.31,0.73,2.21,3.22,1.91,Europe,"38,020"
North Korea,25057.79,25183.83,25307.67,25429.83,183.84,184.21,182.75,176.77,59.22,61.47,61.78,61.53,0,0,0,0,4.31,4.15,4.06,3.64,10.99,10.77,10.91,10.84,0.66,0.82,0.58,0.42,2.93,2.92,2.91,2.06,6.98,7.07,5.98,7.67,126.72,127.06,127,126.22,58.15,58.57,59.22,60.49,0.22,0.03,0.13,0.14,0,0,0,0,9.71,9.06,8.96,8.85,13.5,13.66,14.15,13.67,0.58,0.58,0.59,0.65,0.36,0.37,0.37,0.01,4.8,4.65,4.63,4.6,3.14,3.11,3.1,3.1,10.65,11.26,11.45,11.4,0.53,0.71,0.4,0.68,Asia,NULL
Denmark,5664.2,5688.69,5711.35,5732.27,131.03,129.3,122.58,129.36,57.49,57.79,58.69,59.87,0,0,0,0,54.79,54.85,54.93,55.28,1.04,1.1,0.71,0.71,2.67,2.35,2.22,2.19,1.81,2.04,2.22,2.28,1.72,1.61,1.7,1.76,97,93.14,96.66,100.89,60.39,61.93,59.71,59.84,8.7,7.85,8.43,7.83,1.47,1.46,1.48,1.49,94.3,96.17,91.41,94.03,63.84,59.91,69.98,70.82,6.62,6.69,6.7,6.44,23.09,22.21,22.3,23.89,15.9,15.58,15.41,15.79,290.14,301.09,309.18,307.03,22.97,22.88,22.78,22.7,0,0,0,0,Europe,"54,356"
Djibouti,898.7,913.99,929.11,944.1,167.78,173.29,171.4,174.93,15.81,16.25,15.9,16.08,NA,NA,NA,NA,35.35,35.17,36.85,36.25,13.52,13.69,13.71,13.57,0.24,0.41,0.43,0.35,0.92,1.52,0.4,0.49,13.6,13.3,13.6,13.94,89.38,93.01,84.19,84.26,39.33,34.67,26.12,28.25,0.74,0.38,0.3,1.13,1.41,1.17,1.79,1.3,3.62,2.78,3.17,3.26,16.06,15.97,14.5,15.04,2.44,2.44,2.43,2.22,0.51,0.51,0.51,0.5,1.01,1.87,2.05,1.1,26.81,36.04,30.39,25.1,3.81,4.82,5.76,3.69,11.26,12.8,15.02,10.21,Africa,4885.220563
Dominica,71.08,71.18,71.31,71.46,68.4,65.37,63.82,67.27,134.85,138.72,135.34,135.43,0,0,0,0,61.56,59.86,61.45,62.77,5.15,4.87,4.48,4.46,0.39,1.65,1.01,0.07,22.79,21.87,24.13,21.87,7.56,7.71,7.44,7.51,99.97,93.79,92.79,91.71,370.02,373.95,377.64,381.76,7.37,5.11,4.99,5.05,3,2.86,2.81,2.99,17.2,18.94,18.93,18.61,57.17,56.5,56.77,55.02,2.18,2.21,2.23,2.41,0.63,0.63,0.64,0.63,2.55,2.29,2.52,2.46,76.87,77.35,101.57,87.45,32.68,32.59,28.72,28.06,7,11.2,6.94,13.34,North America,"10,037"
Dominican Republic,10165.18,10281.68,10397.74,10513.1,109.43,107.68,109.59,109.24,31.56,30.41,30.95,31.87,0,0,0,0,33.35,34.69,32.33,33.66,10.84,9.18,9.45,9.28,0.12,0.15,0.12,0.17,10.68,16.57,15.49,17.98,20.08,18.95,19.94,20.43,39.76,48.56,47.8,43.21,288.31,260.53,296.71,291.01,1.45,2.15,2.16,2.24,0.41,0.47,0.45,0.41,46.44,49.56,49.06,50.65,50.57,52.54,54.14,55.24,3.05,4.13,3.94,4.05,1.8,2.16,2.13,1.77,9.38,9.57,9.53,10.17,74.17,77.58,87.5,96.57,8.99,9.08,9.66,9.56,2.32,1.35,1.97,1.43,North America,"16,064"
Ecuador,15951.84,16212.02,16491.12,16785.36,150.59,160.5,169.07,168.11,30.29,28.1,27.59,25.59,0,0,0,0,21.44,20.23,20.35,19.58,1.56,1.63,1.65,1.77,0.17,0.14,0.13,0.18,1.94,2,1.87,1.99,15.35,14.8,14.78,15.53,33.1,29.8,29.58,28.16,120.45,118.64,81.36,90.62,0.07,0.09,0.07,0.08,0.26,0.23,0.21,0.2,38,37.28,35.84,37.12,57.92,52.95,45.87,45.22,2.89,2.16,2.37,2.48,1.87,1.55,1.27,1.44,9.42,10.55,10.15,7.78,118.78,108.01,115.87,107.93,6.95,7.79,7.91,7.77,2.03,1.73,1.46,1.72,South America,"11,612"
Egypt,90424.66,92442.55,94447.07,96442.59,267.38,262.52,262.97,262.13,39.56,38.46,40.1,40.25,34.39,33.06,31.65,30.41,26.28,26.8,26.85,26.89,5.07,5.1,4.58,4.58,0.51,0.47,0.43,0.4,6.99,7.33,9.14,9.78,5.18,5.61,5.7,5.74,182.46,172.56,162.09,159.33,101.17,115.75,106.64,103.75,1.4,1.42,1.21,1.29,1.21,0.91,0.86,0.98,1.26,1.22,1.09,1.08,26.34,28.23,26.84,26.29,3.06,3.01,2.65,4.74,1.63,1.67,1.58,1.34,3.92,3.7,3.47,3.45,49.39,45.82,45.51,41.22,24.18,23.54,23.38,23.69,0.19,0.18,0.12,0.28,Africa,"11,608"
El Salvador,6295.13,6325.12,6356.14,6388.13,136.35,133.9,137.99,135.89,24.89,25.17,24.63,26.03,NA,NA,NA,NA,41.28,41.82,41.65,40.86,16.91,16.93,16.95,16.99,0.23,0.14,0.22,0.18,10.97,13.92,10.62,16.54,3.11,3.76,3.81,5.29,65.72,70.34,75.13,84.25,48.09,55.06,62.27,68.97,3.87,1.93,3.37,3.07,0.13,0.13,0.14,0.14,23.99,24.35,24.72,25.09,28.4,28.72,29.46,30.52,0.78,0.77,0.84,0.92,1.34,1.02,1.17,1.29,9.42,9.45,9.48,8.73,118.87,118.14,112.17,101.26,8.29,7.23,6.72,6.64,6.7,6.75,6.86,6.86,North America,"8,023"
Estonia,1316.28,1315.33,1316.51,1319.39,129.44,127.66,128.31,131.14,70.91,68.51,66.14,66.92,NA,NA,NA,NA,54.36,53.68,51.23,49.33,3.77,3.43,4.18,3.04,1.65,1.69,1.81,1.83,1.04,1.05,1.02,1.07,8.33,7.9,7.59,7.17,96.8,112.25,100.75,102.35,64.12,66.95,69,72.41,4.92,4.33,4.18,4.38,1.05,1.14,1.13,1.19,139.19,135.63,135.4,127.94,60.02,63.93,66.04,63.63,2.88,3.81,3.96,3.01,7.63,9.79,10.03,9.41,12.42,12.45,13.2,12.69,341.07,347.16,345.44,357.43,12.63,12.37,14.2,14.72,3.25,0,0,3.1,Europe,"33,448"
Eswatini,1095.02,1104.04,1114,1124.81,140.22,131.99,152.52,157.41,58.59,66.37,59.22,56.64,NA,NA,NA,NA,35.77,37.51,35.18,33.86,4.01,3.66,3.66,3.81,2.5,1.29,1.42,0.95,3.61,3.27,3.23,3.2,3.95,2.74,3.22,3.47,26.75,24.97,27.77,27.37,115.92,100.1,103.33,91.09,1.08,1.02,0.7,0.69,0.05,0.99,0.82,1.72,74.04,64.78,64.69,66.28,28.15,26.99,23.97,27.6,2.79,2.34,2.37,2.79,1,0.78,1.06,1.09,1.45,2.02,1.74,1.68,42.49,42.09,41.92,41.85,4.44,4.16,3.65,3.88,4.65,6.31,5.52,7.13,Africa,"8,659"
Ethiopia,98094.26,100835.46,103603.46,106399.92,154.61,156.87,159.36,159.76,90.1,78.89,81.78,81.71,0,0,0,0,8.51,8.39,8.46,9.53,21,21.58,22.2,21.85,0.63,0.62,0.6,0.58,1.54,1.74,1.72,1.68,3.19,3.47,3.44,3.4,13.35,12.39,13.7,13.35,8.21,8.58,8.84,8.52,1.89,2.24,3.01,2.14,1.96,3.05,3.33,3.11,12.16,15.02,16.6,17.76,6.26,5.32,5.23,5.4,1.2,1,0.99,1,0.24,0.21,0.2,0.2,0.4,0.46,0.43,0.43,35.29,34.13,31.97,30.86,0.51,0.45,0.45,0.44,0.27,0.3,0.2,0.13,Africa,"1,903"
Fiji,866.45,868.63,872.4,877.46,150.47,149.03,150.22,148.25,130.25,130.48,117.16,114.87,NA,NA,NA,NA,127.17,139.42,137.11,142.14,11.71,11.52,10.98,11.32,0.2,0.19,0.19,0.23,63.04,63.43,63.76,64.01,9.76,10.03,12.14,12.69,55.67,55.02,53.23,57.37,32.74,34.05,30.77,31.62,0.82,2.34,2.24,1.81,0.7,0.72,0.71,0.73,20.35,24.37,22.21,27.18,42.98,40.35,40.1,43.85,2.57,1.9,2.32,2.4,4.41,4.23,4.01,4.27,5.59,5.04,5.15,3.92,24.65,21.78,25.88,25.46,36.59,36.57,35.03,34.83,3.93,3.75,3.95,3.78,Oceania,"9,575"
Finland,5461.41,5481.12,5497.71,5511.37,115.03,113.6,114.26,114.17,59.98,56.37,59.46,60.78,NA,NA,NA,NA,40.17,39.78,40.26,40.39,1.16,1.16,1.16,1.17,1.09,1.03,1.07,1.01,2.16,2.01,1.86,1.94,6.79,6.85,5.87,5.42,85.37,82.56,85.71,84.18,68.35,70.05,70.46,69.99,12.03,11.86,11.85,11.97,0.37,0.36,0.34,0.37,95.77,96.33,97.25,98.85,75.58,74.82,75.2,76.69,1.43,2.03,2.3,2.41,11.63,12.13,12.3,11.4,8.27,8.12,8.71,8.74,440.8,463.91,458.43,457.7,35.82,34.84,31.8,33.62,15.77,17.29,17.43,17.45,Europe,"46,344"
France,64193.55,64453.2,64667.6,64842.51,129.32,131.79,130.5,132,51.23,51.15,51.07,50.88,NA,NA,NA,NA,46.51,47.53,47.62,49.27,1.91,1.9,1.69,1.87,3.56,3.77,3.86,3.95,2.8,3.04,2.74,2.79,18.01,17.5,17.52,16.37,97.92,96.34,98.31,96.66,84.7,82.67,88.73,92.05,5.65,6.12,6.07,5.52,0.31,0.31,0.31,0.31,77.9,78.4,78.42,78.56,86.13,86.25,85.27,83.04,5.81,5.86,5.85,5.68,13.73,13.24,14.48,14.92,11.46,11.49,11.49,11.53,251.53,250.24,258.27,260.11,33.93,33.52,33.59,34.37,3.51,4.15,4.02,3.62,Europe,"44,033"
French Polynesia,271.7,273.12,274.57,276.1,103.71,101.27,100.68,103.79,48.46,48.33,48.3,48.09,9.75,9.44,8.73,9.24,42.95,38.67,42.37,38.97,2.94,2.92,2.01,1.97,0.72,0.69,0.67,0.55,51.79,51.94,44.07,43.18,14.25,14.28,13.15,13.13,50.76,49.66,49.74,55.63,64.02,62.41,58.35,59.05,1.79,1.92,1.77,1.71,0.24,0.2,0.14,0.15,65.86,62.93,63.82,63.78,93.22,92.18,96.82,96.08,3.76,3.74,4.13,3.73,0.24,0.25,0.27,0.42,10.7,8.66,7.21,7.31,37.84,38.97,37.49,39.85,48.82,48.1,47.51,47.24,30.47,28.45,40.77,44.26,Oceania,NULL
Gabon,1883.8,1947.69,2007.87,2064.82,126.41,127.33,126,124.92,167.49,166.48,165.83,162.7,2.95,2.52,1.59,1.71,17.21,17.25,17.26,17.14,0.23,0.23,0.2,0.19,0.01,0.04,0.03,0.07,12.37,12.01,11.91,11.66,6.65,6.8,6.6,6.61,33.17,33.32,33.42,32.86,136.15,130.86,128.56,123.8,0.31,0.31,0.28,0.29,0.01,0.01,0.01,0.02,89.87,88.35,87.19,84.8,63.49,66.36,59.99,59.2,8.34,7.73,6.84,7.89,0.15,0.14,0.14,0.15,0.78,1.01,0.99,0.96,14.5,14.24,13.5,13,36.87,34.31,33.44,30.94,9.36,8.28,7.01,6.51,Africa,"18,113"
Gambia,2024.04,2085.86,2149.14,2213.89,174.15,159.28,160.77,153.75,6.29,6.15,5.99,6.05,0,0,0,0,29.05,29.67,29.43,28.92,1.04,1.02,0.99,0.9,0.24,0.13,0.38,0.63,17.54,18.11,18.68,22.22,16.48,15.87,15.5,15.47,14.94,21.86,18.88,17.26,5.49,5.68,5.89,6.14,2.36,1.98,1.74,1.91,0.03,0.04,0.18,0.03,22.86,20.24,21.44,19.96,7.1,7.75,7.99,7.82,0.57,0.59,0.59,0.57,0.09,0.09,0.08,0.08,0.62,0.51,0.6,1.41,37.38,39.07,30.92,33.83,25.46,26.66,26.86,27.53,5.72,6.47,6.02,6.9,Africa,"1,699"
Georgia,4035.31,4024.18,4015.45,4008.72,199.4,194.4,200.08,189.71,51.69,49.31,50.45,45.58,NA,NA,NA,NA,36.32,36.44,36.05,40.2,0.03,0.03,0.03,0.03,1.98,1.99,2.04,1.98,0.82,0.89,0.86,1.02,7.4,7.81,8.18,8.11,58.4,56.77,54.55,49.77,47.4,44.57,42.01,38.53,2.53,2.42,2.74,2.91,0.27,0.26,0.36,0.3,28.09,37.92,32.25,30.77,32.06,31.35,30.52,31.83,1.83,2.17,1.76,1.83,2.29,2.58,2.9,2.86,6.41,6.55,5.83,6.11,150.22,145.71,139.59,137.93,7.99,6.45,8.03,8.04,6.98,7.87,8.73,9.57,Europe,"10,674"
Germany,81450.38,81787.41,82193.77,82658.41,114.72,115.25,114.04,113.89,64.55,64.61,63.69,67.38,0,0,0,0,48.99,49.4,48.07,47.3,0.74,0.77,0.77,0.79,3.33,3.47,3.47,3.59,3.7,3.75,3.27,3.21,14.08,13.51,14.78,15.29,90.5,89.24,92.21,95.36,69.69,72.68,74.61,68.17,7.2,7.24,7.32,6.59,0.8,0.8,0.78,0.81,132.33,131.23,127.53,127.76,88.14,87.88,88.53,87.78,1.11,1.2,1.16,1.41,12.13,12.82,12.59,12.67,10.67,10.97,11.55,11.22,263.08,266.35,270.26,267.52,13.13,12.95,13.75,12.75,0,0,0,0,Europe,"52,556"
Ghana,27224.47,27849.21,28481.94,29121.47,92.9,92.15,93.83,107.59,428.44,418.52,416.51,419.14,5.04,4.94,4.9,4.79,14.84,14.38,13.29,13.83,9.79,8.08,5.94,6.67,0.91,0.97,0.79,0.62,14.73,13.07,13.17,13.54,6.47,6.31,6.3,6.22,30.15,29.99,29.99,28.67,181.46,180.61,181.67,177.43,0.1,0.11,0.08,0.09,3.87,3.89,3.93,4.05,18.09,16.29,15.53,16.07,15.3,13.17,11.76,13.73,1.7,1.93,1.3,1.56,0.15,0.15,0.15,0.15,1.12,1.24,1.22,1.2,6.18,7.24,7.72,7.11,22.51,24.71,26.08,25.51,1.36,1.28,1.64,2.82,Africa,"4,502"
Greece,10701.46,10659.75,10615.18,10569.45,137.22,140.5,137.89,137.94,76.15,69.51,55.45,59.32,NA,NA,NA,NA,29.34,29.17,29.17,33.62,5.03,5.03,5.03,4.81,11.29,11.19,11.68,12.65,19.17,18.88,14.64,15.37,29.74,29.52,30.31,28.87,153.51,161.01,159.55,149.94,102.13,115.17,101.96,119.93,4.62,4.63,4.58,4.85,0.44,0.43,0.43,0.46,56.87,42.89,43.27,43.35,73.75,68.62,68.78,71.69,4.09,3.66,3.65,3.69,3.21,2.2,3.05,4.01,8.58,8.32,8.19,8.6,241.11,237.08,229.08,227.79,17.77,17.94,20.53,19.44,1.68,2.08,1.72,1.13,Europe,"28,583"
Grenada,108.9,109.6,110.26,110.87,79.15,77.39,79.36,80.42,23.08,23.25,23.2,23.34,NA,NA,NA,NA,54.37,55.53,55.27,57.22,6.7,6.92,6.88,6.74,0.05,0.05,0.18,0.15,14.38,15.09,14.76,14.46,12.23,13.38,11.7,10.46,35.73,38.3,38.4,37.9,116.6,121.96,117.75,116.17,1.62,0.75,1.3,1.16,3.97,3.47,3.37,3.33,30.42,31.63,32.25,32.89,56.21,60.14,57.52,59.39,1.28,1.54,1.04,1.33,1.1,1.67,1.51,1.34,9.71,9.67,9.69,9.69,24.93,24.41,25.38,28.55,27.67,27.27,24.82,27.1,7.38,14.63,16.9,13.52,North America,"15,156"
Guatemala,15923.24,16252.43,16583.08,16914.97,131.83,134.09,137.84,139.33,11.56,12.03,12.16,12.24,0,0,0,0,48.05,48.49,47.34,48.77,14.92,14.97,15.13,15.17,1.92,1.93,1.85,1.82,4.74,5.18,4.45,4.85,7.28,7.6,7.69,8.04,48.19,52.15,51.36,53.31,61.06,60.73,63.38,61.7,3.58,3.38,3.45,2.64,0.28,0.39,0.34,0.37,15.95,17.59,17.32,15.66,33.98,36.33,37.25,36.39,0.88,0.84,0.91,1.5,0.9,0.93,0.93,0.88,13.69,14,13.73,13.49,38.28,40.23,39.98,40.53,2.75,2.69,2.64,2.58,0.36,0.32,0.38,0.32,North America,"8,168"
Guinea,11150.98,11432.09,11738.43,12067.52,197.18,191.98,197.76,195.18,133.62,134.97,136.47,133.15,0,0,0,0,15.56,14.85,14.53,15.09,4.83,4.75,4.55,4.43,0.02,0,0,0.01,8.25,10.08,10.82,10.73,15.45,15.36,14.48,14.98,52.8,52.77,50.24,49.99,95.49,93.74,91.77,89.62,1.77,1.12,0.63,1.35,0.02,0.01,0.01,0,1.9,2.71,3.77,3.51,11.24,11.64,12.46,13.05,1.66,1.77,1.83,1.91,0.29,0.29,0.3,0.24,1.94,1.91,1.87,1.86,18.72,19.19,19.67,16.62,10.88,10.28,10.37,10.09,2.18,2.19,2.59,2.61,Africa,"2,247"
Guinea-Bissau,1692.44,1737.2,1782.44,1828.14,154.85,152.2,157.95,168.62,60.05,64.22,62.48,63.28,NA,NA,NA,NA,6.68,6.01,7.95,6.16,2.09,1.77,2,1.95,3.48,2.84,3.06,3.5,2.4,2.39,2.45,2.56,14.46,14.11,13.42,14.06,18.38,18.47,18.74,18.45,51.42,50.57,48.75,49.68,0.13,0.53,0.54,0.13,0,0,0.01,0.01,20.65,18.36,18.71,19.2,17.18,17.35,17.45,17.29,1.55,1.58,1.59,1.65,0.34,0.33,0.35,0.33,0.86,1.03,0.97,0.81,17.77,17.63,21.3,17.09,1.41,1.37,1.34,1.3,4.39,4.79,3.87,4.16,Africa,"1,704"
Guyana,763.38,767.43,771.37,775.22,176.19,175.54,174.78,175.32,30,34.57,34.46,32.94,NA,NA,NA,NA,62.45,56.85,61.79,57.92,7.03,6.74,6.75,7,0.77,0.81,0.77,0.78,32.63,32.36,32.59,32.91,5.39,5.41,4.95,4.98,141.68,250.33,230.61,272.46,54.74,87.72,93.79,103.84,1.31,1.33,1.32,1.33,2.1,2.18,3.04,3.48,32.12,32.6,33.21,33.52,45.01,45.17,44.93,45.22,0.93,0.79,0.75,0.69,0.39,0.36,0.35,0.37,1.51,1.7,1.26,1.86,80.79,85.68,85.69,84.71,30.96,30.79,30.64,30.48,6.5,5.11,6.4,6.3,South America,"8,180"
Haiti,10549.01,10695.54,10839.97,10982.37,117.94,121.08,121.6,120.04,108.26,103.34,102.88,102.69,0,0,0,0,17.8,16.8,14.83,18.75,16.85,17.39,18,17.95,0,0,0,0,4.24,4.23,4.23,4.32,8.55,8.42,8.55,7.82,18.4,17.54,18.25,18.16,108.6,109.71,104.55,107.59,3.15,3.4,3.43,3.4,0.02,0.03,0.02,0.02,10.83,10.77,11.01,11.39,15.39,16.55,18.12,17.61,1.23,1.23,1.31,1.37,0.34,0.5,0.35,0.36,0.42,0.39,0.42,0.47,8.31,8.2,7.98,7.84,5.36,5.74,4.59,4.53,0.61,0.66,0.6,2.96,North America,"1,819"
Honduras,8955.59,9112.92,9270.8,9429.01,133.05,135.85,135.97,133.66,5.97,6.37,6.28,6.41,NA,NA,NA,NA,55.37,55.43,56.47,56.21,10.91,11.38,13.4,13.17,0.26,0.19,0.27,0.26,1.62,1.67,1.73,1.65,12.02,11.95,12,11.76,22.46,21.79,22.59,25.09,66.11,55.8,63.72,64.58,1.86,4.23,5.03,4.42,0.15,0.12,0.14,0.13,19.63,19.86,19.78,19.49,32.18,32.89,33.42,33.09,1.11,1.09,1.34,1.42,1.36,1.26,1.26,1.3,4.54,4.36,4.33,4.34,89.32,91.69,87.58,85.04,3.32,3.26,3.21,3.15,6.94,7.48,6.64,6.53,North America,"4,997"
Hungary,9804.99,9777.92,9752.98,9729.82,114.7,116.32,116.11,116.28,50.96,48.04,45.81,46.66,0,0,0,0,36.28,36.89,39.55,38.96,3.46,3.58,3.48,2.92,0.23,0.26,0.26,0.28,1.32,0.98,1.63,1.04,8.55,10.76,11.26,11.05,88.19,94.31,91.99,86.99,65.66,54.21,52.18,47.26,1.37,1.11,1.18,1.58,2.53,2.56,2.57,2.76,97.16,100.05,100.49,103.45,70.61,74.3,77.68,79.72,0.44,0.08,0.09,0.08,14.35,14.85,15.11,16.23,12.64,12.97,13.16,13.61,175.91,183.4,190.29,190.82,5.58,5.88,5.73,6.3,0.65,0.06,0.43,0.06,Europe,"28,799"
Iceland,328.59,330.24,332.21,334.39,76.19,79.47,80.51,81.03,42.67,40.19,42.01,39.16,0,0,0,0,51.22,50.6,53.87,77.64,0.7,0.73,0.74,0.74,1.3,1.3,1.34,1.48,3.13,3.34,3.33,3.46,8.95,8.97,8.94,9.18,64.8,65.24,68.68,72.53,83.86,86.4,88.5,95.21,8.49,8.57,8.86,9.1,1.27,1.27,1.29,1.33,87.23,88.69,91.39,93.52,86.28,86.37,88.22,91.01,2.03,4.52,3.54,4.39,18,18.82,19.09,18.61,9.4,9.64,10.5,10.93,240.92,256.63,256.13,255.76,92.32,91.85,91.31,90.71,22.15,24.32,26.31,27.58,Europe,"55,322"
India,1295600.77,1310152.4,1324517.25,1338676.78,178.26,176.88,182.69,184.56,30.86,28.68,28.11,29.63,0,0,0,NA,21.2,22.62,22.05,18.55,15.13,15.27,15.02,16.68,1.58,1.74,1.48,1.62,7.48,7.27,7.42,7.73,7.63,7.54,7.61,7.95,80.64,75.47,76.86,79.86,58.03,56.71,56.76,57.69,0.78,0.78,0.78,0.8,2.56,2.55,2.96,3.47,1.91,2.18,2.11,2.08,3.5,3.67,3.77,3.78,0.31,0.31,0.3,0.33,0.03,0.03,0.03,0.03,2.8,2.91,3.08,3.25,90.53,96.32,101.15,106.06,6.2,6.42,6.59,6.9,0,0,0,0,Asia,"7,166"
Indonesia,255128.08,258383.26,261556.38,264650.96,268.85,274.27,277.79,276.64,59.11,58.76,55.17,52.56,0,0,0,NA,17.85,18.15,19.56,20.96,1.16,1.12,1.11,1.12,0.53,0.53,0.61,0.64,59.29,22.58,50.01,25.08,10.04,9.66,9.57,9.73,42.3,40.81,42.27,43.73,60.19,65.84,59.64,62.53,0.59,0.37,0.53,0.46,1.63,1.93,2.15,1.71,1.13,0.82,0.91,0.9,10.35,10.56,11.73,11.7,1.68,1.7,1.86,1.93,0.38,0.37,0.39,0.35,4.89,5.23,5.51,5.57,5.59,5.84,6.26,6.74,36.96,38.28,39.32,44.67,0.01,0.02,0.02,0.03,Asia,"12,310"
Iran,77465.77,78492.21,79563.99,80673.88,200.54,203.38,209.32,210.4,53.82,53.13,56.02,49.36,0,0,0,0,32.18,32.15,32.89,33,7.44,7.02,7.09,7.1,10.9,11.73,9.81,9.64,0.56,0.73,0.81,0.81,11.51,10.92,11.91,11.57,202.25,202.1,179.72,187.98,137.72,137.6,129.98,118.96,1.76,2.64,2.82,1.95,0.74,0.73,0.77,0.84,0.01,0.01,0.01,0.01,33.41,32.62,34.72,35.98,1.99,2.18,2.13,2.11,9.79,6.68,7.24,8.06,7.56,7.34,7.64,7.38,64.83,52.43,46.82,53.76,10.6,10.84,11.67,11.73,0,1.01,0.05,0.01,Asia,"20,885"
Iraq,34411.95,35572.26,36610.63,37552.78,195.29,184.56,183.47,182.38,15.94,11.59,14.86,8.21,0,0,0,0,21.64,28.21,24.77,25.56,2.89,2.19,2.57,3.64,0.22,0.92,0.8,0.96,1.23,1.56,1.63,2.3,16.45,17.06,15.38,15.25,92.37,45.01,41.27,37.53,45.16,52.84,48.8,49.2,1.74,1.26,1.28,1.35,0.07,0.24,0.42,0.23,1.84,1.75,1.64,1.45,18.33,16.29,15.23,19.06,0.38,0.31,0.3,0.3,0.38,0.37,0.34,0.32,9.93,6.14,7.98,9.44,18.34,17.03,14.82,15.07,3.87,2.45,2.78,3.37,3.12,3.01,2.69,3.01,Asia,"16,935"
Ireland,4626.84,4652.43,4695.78,4753.28,118.64,128.6,125.02,123.72,78.25,72.25,69.11,69.38,NA,NA,NA,NA,90.89,81.51,86.75,78.77,2.66,2.7,2.66,2.6,1.48,1.52,1.42,1.64,3.24,3.22,3.36,3.4,13.34,13.55,13.63,14.71,89.91,94.53,97.54,97.14,61.51,65.62,65.03,66.7,3.59,3.41,3.48,3.64,0.58,0.64,0.65,0.71,165.35,141.67,144.76,148.53,85.88,89.07,78.54,78.68,1.53,1.84,1.64,1.63,12.12,16.01,16.03,17.09,8.94,8.62,8.65,9.13,290.28,312.51,263.9,234.4,21.84,21.17,21.21,23.43,NA,NA,3.94,5.79,Europe,"76,745"
Israel,7854.21,7978.49,8108.98,8243.85,141.86,142.55,137.01,134.53,35.39,35.31,35.29,35.23,NA,NA,NA,NA,31.4,30.7,32.16,31.3,6.49,5.64,5.23,6.42,3.7,3.3,3.74,3.99,9.08,9.26,8.82,9.23,28.09,27.83,28.87,29.53,169.7,156.32,166.93,156.24,99.03,97.13,105.77,112.43,4.55,4.57,4.12,4.62,0.58,0.64,0.53,0.49,22.24,22.23,22.45,22.71,96.33,95.03,96.79,97.01,3.29,3.5,3.27,3.54,1.76,1.65,1.86,1.81,9.97,9.98,10.32,9.99,193.62,182.94,192.07,192.36,23.84,23.39,24.61,25.92,0.04,0.04,2.14,4.59,Asia,"38,868"
Italy,60409.62,60578.49,60663.06,60673.7,157.16,161.89,162.01,160.94,35.83,36.6,36.16,35.88,NA,NA,NA,NA,32.7,31.38,32.38,32.36,5.21,5.22,5.22,5.24,6.61,6.93,7.75,7.97,3.22,3.66,2.96,3.46,26.63,26.54,27.04,26.8,128.09,134.71,134.99,130.88,120.96,129.66,118.5,113.44,5.53,5.52,5.54,5.55,0.1,0.11,0.11,0.12,60.25,60.21,60.17,60.09,78.65,77.69,76.68,80.95,2.05,2.29,2.31,2.25,5.78,5.65,5.41,5.34,11.87,11.3,11.6,11.77,250.22,241.3,225.46,228.47,28.17,29.42,29.81,29.8,0.75,0.76,0.76,0.76,Europe,"40,924"
Jamaica,2875.14,2891.02,2906.24,2920.85,110.37,114.58,105.74,115.59,73.37,69.73,66.16,62.31,NA,NA,NA,NA,63.11,66.88,62.41,63.74,3.41,3.22,2.85,2.96,0.27,0.19,0.15,0.15,13.6,13.43,13.59,13.58,10.1,10.26,10.23,10.31,85.29,81.56,95.69,88.05,97.77,103,112.26,109.65,2.03,2.1,2.67,2.28,5.96,5.66,5.66,5.1,34.3,36.2,33.19,33.49,59.79,60.44,59.35,58.96,3.12,2.93,2.9,2.87,2.13,2.23,2.35,2.82,1.65,1.54,1.4,1.98,69.93,69.94,70.44,70.92,21.49,21.55,23.01,25.41,5.91,5.71,7.32,9.45,North America,"9,066"
Japan,128168.64,127985.13,127763.26,127502.73,143.52,142.07,142.16,140.92,24.97,24.8,24.09,25.56,NA,2.11,3.51,2.64,27.57,25.78,25.61,25.54,1.49,1.47,1.37,1.49,0.96,0.92,0.85,0.94,8.81,8.93,9.06,8.96,15.29,15.53,15.65,15.57,92.63,92.01,90.58,91.1,35.51,34.2,33.82,33.14,4.32,4.39,4.36,4.32,1.26,1.25,1.23,1.2,46.73,47.1,46.76,46.83,46.97,46.14,47.23,49.33,2.05,2.03,2.09,2.18,1.09,1.08,1.03,0.87,18.84,19.01,19.35,19.64,57.8,57.95,58.03,58.63,48.73,47.32,45.08,45.49,3.63,3.51,3.45,3.43,Asia,"42,067"
Jordan,8918.83,9266.58,9554.29,9785.84,141.13,134.63,138.28,138.67,23.23,24.22,25.94,21.02,NA,NA,NA,NA,38.07,37.39,37.3,46.37,6.79,6.78,6.53,6.27,1.15,1.64,1.61,1.62,6.67,7.38,6.46,7.14,18.73,19.96,19.24,19.48,95.41,113.15,128.89,104.27,40.41,50.72,47.85,45.73,3.04,3.01,3.11,3.67,0.45,0.46,0.45,0.46,0.59,0.58,0.61,0.83,36.35,36.67,37.45,37.91,1.43,1.49,1.56,1.37,1.24,1.23,1.27,1.14,3.43,3.4,3.31,3.28,40.17,41.34,41.56,41.82,5.62,5.8,6.01,5.87,1.5,0.37,3.1,3.51,Asia,"9,173"
Kazakhstan,17302.62,17572.02,17830.9,18080.02,107.44,123.06,115.12,122.46,108.21,108.1,107.96,102.97,0,0,0,0,29.56,30.21,30.05,27.38,0.48,0.43,0.47,0.48,1.7,1.42,1.46,1.59,1.59,1.67,2.43,2.17,20.62,21.79,20.46,21.09,204.22,200.74,194.31,191.92,67.6,64.85,64.97,60.45,2.71,2.22,2.19,2.48,0.19,0.19,0.18,0.2,40.67,40.49,40.08,41.22,64.91,64.05,62.78,64.88,5.2,5.26,5.42,5.48,3.77,7.27,6.96,6.79,8.22,8.64,8.6,8.62,272.95,270.07,268.26,270.03,4.7,4.63,4.56,4.5,5.48,5.32,4.75,5.58,Asia,"26,491"
Kenya,46700.06,47878.34,49051.53,50221.14,141.47,141.5,139.47,139.04,66.6,69.13,60.53,69.72,0,0,0,0,17.17,16.64,15.85,16.64,15.38,16.43,16.94,16.1,0.85,0.88,0.81,0.82,2.8,2.63,2.34,2.47,4.69,5.33,5.42,6.15,49.13,46.05,45.91,39.95,65.33,60.01,54.03,43.16,2.64,2.74,2.82,2.05,0.17,0.21,0.19,0.16,19.28,19.3,20.54,18.08,13.8,14.75,14.9,15.94,1.94,2.12,1.71,1.94,1.1,1.04,1.15,1.08,1.29,1.37,1.44,1.33,82.04,81.8,89.55,80.9,4.06,3.9,4.08,3.98,0.35,0.23,0.44,0.23,Africa,"3,292"
Kiribati,109.39,110.93,112.52,114.16,100.82,108.02,103.39,103.92,98.5,98.37,96.57,90.21,0,0.01,0,0,53.82,50.62,53.49,51.96,0.02,0.01,0.01,0.04,2.47,2.47,2.46,2.45,134.1,132.25,126.02,125.52,5.09,5.42,5.53,5.55,50.76,50.78,51.09,51.98,70.81,70.93,72.19,73.98,0.46,0.27,0.29,0.39,0.08,0.12,0.12,0.08,3.22,3.43,3.63,3.73,27.33,27.68,31.13,29.96,0.46,0.45,0.45,0.44,0.45,0.48,0.5,0.61,1.77,1.73,1.8,2.06,2.36,2.82,3.25,1.96,75.33,76.12,76.91,76.69,3.05,2.18,3.33,6.41,Oceania,"2,185"
Kuwait,3690.94,3835.59,3956.88,4056.1,152.25,151.78,154.34,157.05,49.6,50.32,41.33,44.44,0.4,0.11,0.28,0.38,37.93,40.79,38.68,40.13,5.68,5.54,5.68,5.99,1.74,1.64,1.65,2.08,3.79,4.06,3.76,3.83,15.31,16.38,16.11,16.48,189.28,171.16,170.52,178.82,104.92,91.2,94.27,73.01,3.82,3.52,3.8,3.71,3.17,3.12,3.12,2.78,0,0,0,0.06,69.11,69.98,67.95,67.11,2.69,2.61,3.02,2.71,0.03,0.03,0.03,0.03,15.27,14.4,16.72,18.31,29.8,43.23,44.24,47.87,12.62,12.14,11.77,11.48,14.25,13.31,12.8,11.77,Asia,"72,096"
Kyrgyzstan,5844.53,5959.12,6074.33,6189.73,171.98,165.66,163.8,164.55,95.71,95.36,95.01,94.55,NA,NA,NA,NA,53.57,52.14,52.43,52.91,3.6,5.05,4.51,5.6,1.9,1.95,2.52,2.36,0.09,0.13,0.12,0.16,6.35,6.29,5.82,5.78,151.15,172.81,184.82,184.35,33.6,35.81,39.9,37.2,0.9,0.8,0.84,0.99,0.31,0.31,0.31,0.32,13.91,14.19,10.12,10.28,34.99,31.71,32.16,30.46,4.05,4.07,4.06,4.24,1.23,2.52,2.59,3.11,4.6,4.05,3.97,4.32,204.19,204.41,207.22,208.43,3,1.84,1.11,1.14,2.67,2.05,1.88,3.38,Asia,"3,735"
Laos,NA,NA,NA,NA,269.64,276.38,295.25,291.37,55.24,64.73,66.1,61.91,48.54,40.89,40.42,34.22,16.2,21.29,22.9,19.73,3.13,3.08,2.93,2.64,0.02,0.03,0.1,0.05,6.03,6.32,6.42,6.37,3.74,3.48,3.44,3.82,243.31,263.82,261.05,206.89,105.22,142.75,142.52,156.68,14.54,17.22,17.38,17.54,2.51,2.67,2.37,2.34,13.06,9.92,10.3,14.01,24.8,26.18,25.42,30.41,3.07,3.01,2.76,2.81,1.32,1.39,1.49,1.74,2.16,1.88,1.88,1.89,2.77,2.73,2.83,2.9,25.49,23.73,25.06,25.26,4.57,5.04,5.55,6.05,Asia,"7,038"
Latvia,2021.22,1997.67,1974.27,1951.1,126.56,122.54,126.11,120.21,114.64,115.48,115.39,123.75,NA,NA,0,NA,56.74,52.51,48.49,49.19,0.03,0.03,0.21,0.06,1.48,1.35,1.4,1.49,1.96,1.9,1.97,2.08,12.06,13.17,13.2,13.14,126.82,132.58,133.36,116.44,44.9,39.39,42.26,48.38,3.89,3.27,3.43,3.69,0.36,0.36,0.3,0.23,92.8,94.38,93.86,102.58,61,63.96,65.72,68.72,4.48,4.5,4.54,3.17,21.85,23.66,21.23,22.19,13.61,13.74,11.38,12.49,172.35,190.17,196.91,222.34,24,24.28,24.57,24.86,6.8,7.09,6.57,4.88,Europe,"28,362"
Lebanon,6261.04,6532.68,6714.28,6819.37,138.56,145.11,148.67,145.59,40.46,42.13,39.51,40.23,0,0,0,0,74.64,72.82,66.95,63.24,9.07,6.64,5.46,6.17,6.49,6.1,7.31,6.49,8.55,7.91,9.45,6.22,18.53,17.82,16.8,18.23,141.63,134.33,128.11,129.43,85.56,89.2,85.19,86,4.68,4.59,4.49,4.49,0.5,0.5,0.5,0.5,12.22,10.73,9.37,8.82,31.85,26.29,24.39,23.97,1.01,1.18,1.09,1.05,1.12,0.95,0.99,0.98,2.38,2.32,2.09,2.13,70.56,63.06,63.36,62.48,9.44,8.03,8.87,8.73,1.87,2.24,0.95,0.92,Asia,"14,513"
Lesotho,2043.44,2059.02,2075.03,2091.53,178.92,166.22,134.8,181.2,56.63,56.95,52.31,55.55,NA,NA,NA,NA,17.82,16.4,16.75,17.05,8.01,6.57,6.78,8.96,0.04,0.02,0.03,0.04,0.7,0.56,0.7,0.56,6.15,5.5,4.31,5.24,24.76,24.57,25.24,26.04,15.7,12.66,15.76,13.95,0.3,0.32,0.23,0.28,0.93,0.83,0.97,0.9,26.3,25.65,21.65,26.36,25.8,20.53,19.89,19.53,2.83,2.81,2.61,3.03,0.59,0.24,0.26,0.18,0.82,0.89,0.99,0.93,21.09,20.83,20.67,21.54,2.94,1.44,1.84,1.84,2.94,3.08,5.17,3.01,Africa,"2,932"
Liberia,4359.51,4472.23,4586.79,4702.23,113.08,108.5,117.21,122.29,123.6,122,119.54,116.34,9.28,9.17,9.09,8.94,7.68,8.49,8.48,8.51,0.77,0.78,0.75,0.74,0.64,0.66,0.62,0.59,3.32,3.25,3.15,3.15,17.06,17.48,15.74,14.82,24.6,24.55,23.73,24.03,42.31,42.05,41.27,40.6,0.26,0.22,0.2,0.1,0.01,0.02,0.01,0.01,8.39,8.39,7.81,7.83,18.05,18.92,18.57,18.27,0.79,1.83,1.57,1.75,0.22,0.19,0.22,0.2,1.89,2.23,1.82,1.21,1.63,1.52,1.58,1.17,7.35,6.64,6.03,5.88,2.5,2.81,2.57,2.27,Africa,"1,285"
Lithuania,2971.5,2931.88,2889.56,2845.41,139.69,145.83,145.12,138.81,89.4,76.2,67.78,48.82,NA,NA,NA,NA,92.5,93.6,95.36,96.54,4.21,4.16,7.49,9.41,0.83,0.99,1.14,1.18,1.77,1.81,1.87,1.86,8.4,9.92,9.43,10.56,99.62,83.35,96.33,94.45,41.72,53.75,53.35,51.48,4.29,4.3,4.54,4.64,0.99,1.13,1.16,1.17,140.23,137.8,125.4,118.84,77.94,79.86,78.7,81.27,2.85,3.39,2.51,2.79,10.4,10.84,10.19,11.4,13.19,12.54,14.85,15.01,350.09,325.54,326.19,350.67,31.68,32.11,32.58,33.09,1.94,0.25,0.26,0.27,Europe,"33,253"
Luxembourg,554.52,566.74,579.26,591.91,105,96.49,99.71,101.63,40.58,35.75,44.03,43.66,0,0,0,0,163.65,163.32,161.65,160.5,0.86,0.74,0.98,0.79,0.6,0.67,0.59,0.61,3.09,3.1,2.86,3.28,11.39,11.29,11.4,11.14,94.56,91.47,98.95,96.03,91.66,87.97,90.58,88.72,26.06,25.76,25.43,25.37,1.22,1.16,1.15,1.16,137.69,136.84,137.35,159.98,84.43,80.75,81.96,80.07,2.57,3.26,2.68,2.05,6.16,10.44,11.38,10.77,14.73,14.48,15.64,15.58,145.49,152.03,146.3,148.25,35.05,35.16,34.5,32.15,6.12,5.09,6.99,7.67,Europe,"107,641"
Madagascar,23589.89,24234.09,24894.37,25570.51,176.42,173.46,173.74,168.5,143.96,130.79,127.87,122.13,4.93,4.95,5.02,4.94,9.01,8.41,8.34,9.22,3.12,2.92,3,3.13,0.16,0.15,0.15,0.22,1.69,1.62,1.57,1.56,1.99,2.09,2.25,2.63,16.54,16.34,15.81,15.93,45.04,44.06,43.29,42.8,1.71,1.8,1.68,1.76,0.42,0.45,0.44,0.41,5.98,6.21,6.48,6.73,12.92,12.6,12.66,12.34,1.76,1.69,1.68,1.69,0.37,0.36,0.35,0.35,0.68,0.64,0.63,0.65,21.95,21.86,21.54,21.13,3.56,4.38,5.44,5.29,0.44,0.43,0.47,0.66,Africa,"1,558"
Malawi,16289.55,16745.3,17205.26,17670.2,157.8,149.96,143.52,144.75,237.16,255.35,256.65,276.56,0,0,0,0,9.08,7.87,7.74,8.74,17.2,16.97,16.68,16.14,0.1,0.1,0.17,0.22,7.16,7.17,7.19,7.41,3.03,3,2.89,2.78,43.04,40.77,37.45,54.23,115.37,113.88,109.82,115.48,0.33,0.76,0.62,0.53,0.21,0.22,0.15,0.19,19.17,18.71,15.7,16.12,14.18,16.11,16.94,20.34,1.65,1.83,2.06,2.31,0.87,0.8,1.07,1.11,1.13,1.05,1.13,1.13,3.81,3.04,3.43,3.44,7.78,9.11,9.75,9.5,0.47,0.46,0.43,0.54,Africa,"1,205"
Malaysia,29866.6,30270.96,30684.65,31104.65,167.8,175.02,178.33,186.48,14.6,23.52,18.63,17.85,0,0,0,0,45.05,44.9,44.71,42.05,3.08,2.95,2.9,2.82,1.14,1.09,1,0.9,5.74,6.05,6.16,6.25,17.26,17.18,16.85,17.6,68.69,71.55,69.07,66.45,41.76,44.06,44.23,44.94,1.12,1.14,1.15,1.09,5.11,4.66,4.85,4.85,8.85,9.1,9.31,9.64,55.7,56.57,53.91,52.89,0.98,0.63,0.63,0.85,1.04,1.01,0.96,0.95,15.67,16.72,17.48,17.88,6.26,5.31,5.28,5.71,57.44,57.52,57.99,57.62,1.5,1.55,1.62,1.66,Asia,"29,511"
Maldives,435.01,454.92,475.51,496.4,121.99,123.1,119.93,118.6,18.46,16.82,16.99,16.86,1.21,0,0.95,1.03,34.3,35.29,33.69,30.62,2.8,0.51,0.28,0.83,8.77,8.23,7.89,7.78,1.71,1.84,2.55,2.14,1.83,1.8,1.85,1.87,66.83,67.79,92.44,79.33,58.74,59.72,79.3,62.47,3.78,4.31,3.92,4.07,3.55,3.49,3.52,3.53,7.44,7.17,6.55,7.05,19.41,21.83,22.08,20.61,0.01,0.01,0.05,0.02,0.03,0.02,0.03,0.03,12.21,11.74,13.23,11.74,22.6,24.14,23.53,23.8,146.71,136.82,127.98,90.41,24.25,23.33,22.27,31.16,Asia,"16,688"
Mali,16934.21,17438.78,17965.44,18512.43,235.39,235.57,243.03,245.87,30.26,30.53,33.05,33.15,NA,NA,NA,NA,9.32,9.52,10.57,10.91,11.19,11.14,10.73,9.85,4,3.71,3.53,2.94,8.92,3.15,5.96,6.08,6.95,8.11,6.97,6.37,70.59,98.16,118.03,90.32,28.6,27.85,46.77,48.28,0.5,0.42,0.76,0.76,0.86,0.76,0.82,0.79,33.43,36.66,32.4,35.79,22.55,22.37,23.32,23.68,3.07,3.09,3.26,3.4,0.58,0.5,0.53,0.55,0.84,0.83,0.84,0.71,88.46,70.05,69.74,88.17,6.4,7.41,8.53,9.34,1.98,2.32,2.37,2.28,Africa,"2,218"
Malta,430.2,433.56,436.1,437.93,135.81,141.99,136.23,140.61,44.95,42.56,35.46,36.65,NA,NA,NA,NA,84.17,90.27,83.82,92.85,4.35,4.21,4.06,3.91,3.45,2.34,2.1,2.2,4.96,4.77,5,5.16,9.62,9.44,9.52,8.65,203.01,204.58,201.86,200.88,66.65,75,78.55,82.43,4.96,4.98,4.69,3.74,0.53,0.54,0.55,0.59,65,66.91,66.05,69.51,90.22,78.81,77.78,82.05,1.66,1.5,1.56,1.33,3.71,3.67,3.65,3.67,11.29,10.57,10.55,11.95,104.17,101.21,109.01,111.33,32.47,32.22,32.03,31.9,0.78,0.78,0.63,0.56,Europe,"40,797"
Mauritania,3930.9,4046.3,4163.53,4282.57,194.84,194.62,181.39,187.19,9.61,9.52,9.44,9.29,NA,NA,NA,NA,39.74,39.76,39.59,39.44,13.14,10.61,10.21,10.05,0,0,0.01,0,0.86,0.88,0.74,0.73,13.53,11.59,10.27,14.36,32.23,34.09,33.49,36.35,11.71,15.18,11.56,11.87,3.37,3.37,3.33,3.36,0.06,0.07,0.06,0.06,0.04,0.04,0.03,0.05,31.97,32.03,30.99,31.06,3.99,4.08,4.13,3.91,1.11,0.99,1.07,1.03,1.98,1.72,2.55,2.32,96.12,92.4,91.5,89.77,8.77,8.56,8.47,9.16,6.27,4.74,6.86,6.87,Africa,"3,958"
Mauritius,1257.36,1259.46,1261.87,1264.5,172.13,182.66,179.25,186.11,22.94,23.16,23.13,19.87,NA,NA,NA,NA,37.96,42.74,35.01,38.64,9.5,9.2,9.9,9.27,0.36,0.3,0.35,0.4,4.52,4.73,4.53,4.85,20.18,20.14,20.16,22.19,68.52,62.52,66.76,72.69,40.4,39.73,39.4,38.64,1.81,1.41,1.66,1.76,2.17,1.9,2.25,2,33.06,28,32.82,33.36,52.2,52.25,51.95,50.89,1.28,1.37,1.16,1.27,0.08,0.07,0.08,0.08,5.97,6.21,6.1,6.4,19.69,18.78,19.27,18.59,23.2,23.16,23.12,23.07,7.95,7.93,8.8,11.42,Africa,"22,356"
Mexico,120355.13,121858.26,123333.38,124777.32,172.66,170.18,172.13,170.25,16.57,17.02,17.53,17.34,0,0,0,0,49.24,50.11,47.34,48.05,11.75,10.49,9.98,10.53,1.69,1.68,1.58,1.67,2.68,2.83,2.75,2.9,9.78,10.49,10.66,10.21,59.74,63.05,67.66,75.52,109.85,111.54,113.81,114.36,0.85,0.81,0.76,0.37,1,1.18,1.26,1.67,50.9,59.77,62.52,65.68,61.17,62.47,63.55,64.87,5.14,5.11,4.98,5.29,2.42,2.45,2.46,2.49,18.76,19.02,19.22,19.31,113.06,119.29,122.26,119.01,14.38,14.89,15.62,14.38,0.51,0.43,0.33,0.41,North America,"18,656"
Mongolia,2940.11,2998.44,3056.36,3113.79,128.41,88.36,135.45,110.74,44.72,39.17,35.53,28.56,NA,NA,0,NA,24.01,20.77,21.75,16.03,0.53,0.47,0.41,0.4,1.29,1.19,0.2,0.15,0.2,0.22,0.22,0.29,6.45,6.61,6.51,6.06,54.55,40.12,50.6,47.31,11.71,12.5,10.98,11.37,1.6,1.58,1.55,1.53,0.03,0.03,0.03,0.04,42.31,41.54,36.34,34.32,82.91,87.18,86.59,88.37,9.43,13.26,12.08,12.46,3.4,4.53,3.99,4.2,3.19,3.2,3.79,4.07,157.62,170.97,169.68,173.14,0.78,0.48,0.49,0.48,6.64,6.16,5.57,6.51,Asia,"12,946"
Montenegro,626.64,626.96,627.26,627.56,95.45,97.16,109.18,109.59,24.11,26.08,29.69,25.97,NA,NA,NA,NA,128.75,128.76,123.01,131.25,5.28,3.98,4.48,4.59,1.97,1.86,2.09,2.06,1.69,1.85,1.82,1.88,9.11,9.1,9.19,9.25,88.25,114.26,114.57,108.62,108.87,114.86,123.56,124.47,7.66,6.23,5.63,5.66,0.24,0.25,0.29,0.38,29.96,33.33,43.15,48.2,74.4,73.66,74.9,73,2.81,2.45,2.21,2.46,3.76,3.24,3.58,4.49,10.98,12.24,13.19,12.04,376.83,329.45,370.85,389.91,11.92,12.03,13.37,14.06,14.24,16.33,17.01,18.4,Europe,"19,355"
Morocco,34192.36,34663.6,35126.28,35581.25,265.2,266.81,270.72,261.96,46.07,46.77,47.17,48.12,NA,NA,NA,NA,36.52,37.04,38.07,37.56,6.04,5.45,3.92,4.63,3.17,3.03,3.44,3.57,2.96,3.36,4.47,2.65,11.86,11.17,11.77,11.44,121.18,120.17,89.83,102.05,97.39,91.51,88.83,101,2.72,2.77,2.79,2.86,1.72,1.51,1.62,1.66,3.7,3.71,3.69,4.02,34.26,34.17,34.69,35.12,2.5,2.68,2.75,2.73,2.38,2.11,2.22,2.03,6.17,6.39,6.04,6.79,51.44,52.51,53.25,52.58,17.04,20.2,20.35,19.47,0.15,0.09,0.08,0.11,Africa,"8,225"
Mozambique,26286.19,27042,27829.94,28649.02,115.32,121.53,129.91,133.15,261.15,258.01,258.88,224.97,0,0,0,0,12.1,11.25,9.45,10.75,14.56,12.87,13.14,12.93,1.82,2.54,1.87,2.03,1.84,1.63,1.38,1.27,7.5,8.21,7.71,7.58,22.54,25.04,27.17,28,27.6,31.67,28.08,28.58,1.04,1.22,1.19,1.06,0.02,0.03,0.07,0.04,11.19,12.95,13.09,12.31,9.63,9.1,9.33,9.39,0.82,0.78,0.83,0.86,0.44,0.34,0.33,0.3,1.96,1.93,1.97,1.95,16.09,15.93,15.72,16.54,10.9,12.04,11.8,11.46,0.74,0.71,1.45,1.58,Africa,"1,250"
Myanmar,52280.82,52680.73,53045.2,53382.52,201.9,200.6,202.34,196.2,16.28,16.43,16.72,16.99,0,0,0,NA,33.55,36.67,47.39,33.47,12.63,13.08,13.28,14.99,2.35,2.9,2.93,3.41,13.25,13.57,13.59,12.88,7.78,7.93,7.76,7.4,85.45,85.97,84.29,82.79,43.34,45.13,46.86,47.16,3.17,3.08,2.76,2.69,2.35,2.45,2.35,2.54,4.19,3.9,3.5,2.57,51.87,55.32,56.36,58.24,1.53,1.74,1.85,2.69,1.73,1.98,2.11,2.05,5.15,5.11,5.38,5.4,38.75,42.12,42.72,42.5,45.81,46.78,47.62,47.32,2.1,2.67,2.5,3.97,Asia,"6,174"
Namibia,2273.42,2314.9,2358.04,2402.63,110.62,117.05,122.24,112.81,144.92,144.68,143.75,145.84,0.01,0.01,0.02,0.01,32.61,38.07,52.62,45.32,8.32,8.46,8.42,8.3,0.09,0.16,0.13,0.13,0.74,0.7,0.74,0.93,6.79,7.39,7.07,10.84,26.39,28.67,27.79,26.87,39.48,38.95,51.82,35.56,1.13,1.21,0.98,1.01,1.39,1.39,1.44,1.44,91.99,106.31,88.96,62.23,30.66,29,30.73,30.53,2.43,1.82,2.45,2.51,1.78,1.54,1.41,1.29,1.65,1.54,1.42,1.36,61.69,63.86,61.22,61.96,12.22,12,11.78,11.56,0.05,5.92,6.33,8.22,Africa,"10,471"
Nepal,26905.98,27015.03,27263.43,27632.68,250.24,250.01,250.72,250.52,83.45,78.95,80.62,83.53,42.74,42.94,43.28,42.34,6.24,7.33,6.49,7.55,11.75,12.95,12.12,12.57,0.84,1.47,1.26,1.35,0.72,0.62,0.7,0.82,11.35,11.03,11.16,11.33,121.19,124.4,135.55,128.04,59.72,61.77,60.79,65.48,0.51,0.4,0.66,0.44,5.27,5.28,5.34,5.79,2.35,2.6,3.91,4.58,12.62,12.75,13.31,13.55,2.02,1.98,1.95,2.12,0.39,0.38,0.37,0.43,1.31,1.31,1.9,1.98,49.88,49.9,51.92,54.12,2.76,2.89,2.87,2.83,0.68,0.55,0.56,0.82,Asia,"2,702"
Netherlands,16892.52,16938.5,16981.29,17021.35,86.52,86.65,86.24,93.92,84.02,84.38,80.78,80.6,NA,NA,NA,NA,43.89,46.09,45.42,44.32,1.47,1.38,1.58,1.61,2.7,3.16,2.73,3,1.39,1.57,2.15,2.1,15.48,15.51,15.99,16.04,63.58,64.62,63.13,61.6,111.48,114.34,107.54,93.06,4.32,4.15,4.4,5.49,1.43,1.4,1.34,1.21,81.49,82.29,81.61,82.99,77.88,78.43,76.21,75.81,0.64,0.44,0.58,0.75,7.56,8.56,7.22,6.32,13.89,13.32,14.09,14.12,337.72,321.91,337.47,340.35,21.93,21.87,21.82,21.77,NA,NA,NA,NA,Europe,"54,422"
New Caledonia,267.74,271.06,274.19,277.15,98.51,98.12,94.35,100.34,38.01,29.59,30.54,29.98,NA,NA,NA,NA,37.6,37.41,37.46,37.29,1.55,1.43,1.28,1.49,0.92,0.93,0.57,0.44,29.15,28.9,27.92,26.84,14.67,14.89,14.84,15.38,69.21,69.13,66.39,65.39,45.6,63.87,75.93,65.29,2.5,2.39,1.89,2.04,0.57,0.48,0.47,0.57,67.8,68.22,63.96,58.87,71.59,72.37,70.68,68.6,5.09,3.14,2.25,2.33,0.59,0.74,1.02,0.96,8.51,8.75,9.4,8.76,34.92,27.4,30.73,32.35,24.64,24.33,24.06,23.8,22.98,21.59,39.59,42.77,Oceania,NULL
New Zealand,4567.53,4614.53,4659.27,4702.03,106.92,110.79,111.07,114.31,51.52,50.06,49.43,49.72,0.06,0.07,0.07,0.16,57.04,57.14,54.65,56.31,3.77,3.16,3.33,3.56,2.1,2.38,2.23,2.21,4.43,4.52,4.63,4.86,7.51,7.5,8.18,7.91,110.12,112.71,109.35,98.63,61.57,58.64,63.66,59.28,3.35,3.41,3.46,3.5,0.69,0.69,0.69,0.73,78.02,75.17,72.58,77,102.64,100.76,101.38,100.89,1.78,1.9,1.9,1.88,11.28,10.97,11.32,10.98,9.63,9.75,10.32,10.42,109.71,111.95,99.64,110.04,24.42,24.18,23.74,24.73,0,0,0,0,Oceania,"40,748"
Nicaragua,6142.73,6223.24,6303.97,6384.85,159.54,159.23,167.71,166.84,19.1,21.64,18.79,18.98,NA,NA,NA,NA,56.59,55.23,56.37,56.61,14.34,13.74,14.59,13.52,0.03,0.03,0.03,0.03,3.34,3.2,3.32,3.33,9.22,9.31,9.63,9.16,24.97,25.74,32.97,35.55,30.13,38.61,39.51,38.1,0.04,0.03,0.03,0.05,0.06,0.06,0.05,0.06,15.86,16.26,16.65,17.07,30,29.03,28.58,30.82,1.73,1.76,1.52,2.04,0.78,0.76,0.81,0.83,4.9,5.14,6.21,5.45,84.29,86.56,87.74,84.91,6.41,5.78,6.6,6.51,7.37,7,4.7,6.61,North America,"5,855"
Niger,19240.18,20001.66,20788.8,21602.38,218.04,217.77,220.25,223.69,13.7,13.69,13.47,13.54,0,0,0,0,5.15,5.16,4.53,3.68,35.69,35.48,35.62,34.97,0.12,0.1,0.11,0,14.36,14.15,15.41,14.86,4.43,4.4,4,3.99,84.03,100.15,105.33,106.52,23.15,25.13,26.09,25.6,0.46,0.5,0.32,0.35,1.11,0.8,0.8,0.81,0.57,0.62,0.64,0.56,13.31,13.4,12.7,12.75,2.19,2.37,2.68,2.03,1.17,1.24,1.32,1.19,0.27,0.27,0.26,0.24,48.85,53.66,54.14,54.43,2.64,1.77,2.1,2.03,1.91,2.07,0.52,0.69,Africa,"1,019"
Nigeria,176404.93,181137.45,185960.24,190873.24,146.86,137.75,147.12,137.6,251.33,252.85,250.42,246.01,0,0,0,0,9.56,9.14,9.66,8.19,11.4,10.92,9.05,10.47,1.37,1.18,1.08,1.06,7.18,7.09,7.82,6,10.73,10.98,10.74,10.8,83.53,81.13,79.92,78.9,57.16,57.32,56.39,55.77,0.05,0.06,0.08,0.08,1.23,1.86,2.19,2.16,52.75,52.64,51.15,50.44,7.5,7.5,7.28,7.15,0.8,0.8,0.76,0.79,0.33,0.3,0.28,0.19,3.5,2.51,2.52,2.49,2.66,2.34,2.26,2.18,12.41,11.23,9.17,9.12,0.62,0.54,0.48,0.55,Africa,"5,887"
North Macedonia,2077.78,2079.33,2080.74,2082,131.88,131.17,131.84,130.91,60.84,63.06,62.75,65.12,NA,NA,NA,NA,51.19,53.43,53.01,51.53,5.19,5.28,5.12,5.04,3.24,3.87,3.44,3.18,5.55,5.79,5.91,5.76,16.85,16.92,17.2,16.83,224.73,276.64,255.32,257.64,93.1,103.77,100.42,90.11,4.42,4.48,4.51,4.38,2.17,2.14,2.34,2.28,31.73,32,33.96,33.72,34.83,35.88,34.77,36.62,3.92,3.91,3.23,3.14,6.46,6.63,6.49,6.7,5.19,4.9,4.7,5.04,149.47,155.68,156.77,155.89,6.15,6.44,6.31,6.21,3.11,2.61,2.96,5.24,Europe,"15,290"
Norway,5142.27,5199.84,5250.95,5296.33,123.25,120.31,113.46,111.76,52.6,52.02,52.72,52.53,0,0,0,0,44.8,43.96,43.35,42.35,4.79,4.84,5.23,5.99,2.08,2.08,1.92,1.85,1.97,1.99,2.87,5.82,15.63,15.77,15.53,16.26,74.34,71.78,74.84,73.16,82.1,80.04,80.13,80.02,9,9.05,9.02,9.01,0.44,0.44,0.44,0.44,70.93,71.22,71.07,70.93,65.74,68.4,68.4,67.46,1.83,1.93,1.82,1.67,10.27,11.1,11.6,11.44,11.45,11.32,11.48,11.58,265.9,260.84,255.76,252.82,50.84,50.03,51.45,51.35,84.03,87.17,76.53,68.49,Europe,"62,183"
Oman,4027.26,4267.35,4479.22,4665.93,139.08,143.46,135.67,137.46,22.82,23.18,22.98,24.11,0.01,0.01,0.08,0.11,38.8,37.36,38.09,36.77,3.97,3.74,3.98,3.94,0.63,0.69,0.63,0.74,2.53,1.95,2.16,1.9,10.79,9.8,11.09,9.93,106.46,104.12,105.63,154.59,139.22,136.04,138.67,138.93,2.37,2.21,2.1,1.98,3.37,3.37,3.34,3.26,4.25,4.02,3.32,3.72,49.28,44.48,42.71,43.34,3.19,2.7,2.8,2.68,0.98,0.86,0.9,0.81,7.49,8.35,7.87,8.15,112.77,120.26,113.27,108.26,27.31,27.98,28.24,28.54,0.61,0.61,0.6,0.6,Asia,"41,331"
Pakistan,195305.01,199426.96,203631.35,207906.21,140.63,137.29,137.5,137.37,16.09,16.89,17.04,17.1,17.18,17.55,17.19,16.83,26.36,26.19,26.02,25.09,5.99,6.13,6.54,6.57,0.88,0.82,0.97,0.8,1.38,3.15,2.64,3.36,3.38,3.37,3.22,3.21,22.42,21.33,21.62,20.83,24.06,24.05,23.08,22.64,0.75,0.81,0.89,4.94,1.61,1.7,1.54,1.52,0.04,0.05,0.07,0.08,15.43,15.81,16.3,16.87,1.82,1.81,1.83,1.85,0.86,0.87,0.88,0.91,3.06,3.12,3.25,3.36,178.71,180.86,182.83,184.57,1.83,1.88,1.84,1.72,0.06,0.05,0.08,0.11,Asia,"5,539"
Panama,3901.31,3968.49,4037.08,4106.77,166.34,174.47,183.02,186.19,21.36,17.3,16.54,17.96,NA,NA,NA,NA,54.41,55.81,54.13,55.19,5.41,5.38,5.42,5.39,0.27,0.34,0.31,0.47,5.72,5.87,5.88,5.99,10.66,10.07,9.99,9.98,25.97,27.17,25.91,25.43,79.48,74.21,78.86,87.18,1.12,1.46,1.27,1.56,0.19,0.19,0.19,0.2,88.52,87.12,84.38,86.49,65.73,65.45,65.86,65.01,4.08,3.99,3.71,3.75,3.29,3.36,3.28,3.22,5.99,5.87,5.88,6.01,73.37,70.98,65.17,69.88,13.81,13.58,13.35,13.12,11.69,10.85,10.9,9.7,North America,"24,521"
Paraguay,6599.53,6688.75,6777.87,6867.06,102.38,102.37,99.05,101.13,170.66,173.01,167.04,167.53,NA,NA,NA,NA,31.34,30.36,31.86,32.2,8.31,8.2,8.21,8.27,0.01,0.02,0.02,0.02,3.4,3.9,3.28,3.67,14.71,14.32,14.24,14.35,45.75,46.24,48.61,49.62,75.35,73.88,70.45,72.91,12.81,12.91,13.26,13.52,0.11,0.11,0.11,0.11,49.23,49.26,51.29,52.27,51,48.4,50.49,54.06,6.08,5.76,5.98,6.25,2.82,2.7,2.88,2.93,20.04,12.06,12.01,12.08,76.06,73.69,72.14,71.14,4.2,4.09,3.96,4.17,1.92,1.5,1.88,2.39,South America,"13,109"
Peru,30090.36,30470.73,30926.03,31444.3,158.56,164.39,162.14,164.41,125.09,125.64,123.56,122.36,0,0,0,0,23.89,24.1,23.82,24.13,8.91,8.81,8.22,8.86,0.25,0.29,0.22,0.32,5.67,6.13,5.18,3.42,7.22,7.2,7.22,7.05,71.41,70.37,65.09,66.86,125.93,123.94,127.61,119.38,1.57,2.74,1.56,3.48,0.22,0.25,0.18,0.24,51.09,49.83,50.98,53.75,23.61,23.43,23.77,24.41,4.57,4.15,3.82,5.05,0.39,0.43,0.41,0.44,8.61,8.74,8.9,8.95,54.31,55.9,55.91,56.68,24.24,25.07,24.55,25.04,0.83,1.04,1.04,1,South America,"13,463"
Philippines,100513.14,102113.21,103663.82,105172.93,219.21,216.96,212.56,230.23,31.01,32.15,32.33,33.04,0,0,0,0,24.94,25.32,27.25,27.3,1.32,1.18,1.17,1.27,1.72,2.03,2.12,2.11,3.92,7.65,5.63,6.23,4.9,5.42,4.51,4.73,63.1,63.1,63.07,62.56,99.34,114.29,110.65,98.14,3.05,3.09,5.23,6.2,0.35,0.37,0.44,0.39,19.71,18.12,20.55,22.64,34.59,35.34,37.05,37.04,2.48,2.28,2.61,3.12,3.16,3.12,3.31,3.53,3.58,3.57,3.85,4.05,1.07,1.02,1.41,1.2,29.66,29.88,28.55,28.14,0.88,0.75,1.94,2.21,Asia,"8,361"
Poland,38091.09,38034.08,37989.22,37953.18,147.51,142.36,140.44,144.54,103.04,96.31,102.11,101.74,NA,NA,NA,NA,44.16,41.11,44.89,45.31,1.86,1.93,1.98,2.01,0.91,0.93,0.97,0.87,1.34,1.33,1.32,1.46,6.92,6.89,6.87,7.24,120.34,104.24,121.23,125.56,58.96,61.21,67.09,55.01,1.77,1.58,2.39,2.76,0.34,0.32,0.34,0.37,117.27,120.8,123.54,124.73,81.71,85.01,86.3,88.7,0.4,0.39,0.36,0.31,15.48,17.29,17.96,18,7.84,7.29,7.42,6.77,173.41,174.52,173.72,178.39,10.65,10.67,10.68,10.69,0,0,0,0,Europe,"29,924"
Portugal,10418.22,10368.35,10325.54,10288.53,133.48,131.38,129.05,131.16,65.58,65.15,64.85,64.68,NA,NA,NA,NA,36.65,37.97,40.27,36.06,3.44,3.37,3.37,3.37,2.91,3.2,3.46,4.83,1.79,1.84,1.93,2.01,15.87,15.97,14.04,15.09,144.62,168.97,157.94,152.78,108.23,105.74,119.81,135.62,5.18,5.27,5.34,5.59,0.2,0.21,0.21,0.36,97.84,97.95,98.15,98.18,92.58,93.54,92.86,94.06,4.05,4.76,4.57,4.33,7.9,8.89,7.98,8.49,8.59,8.08,8.13,8.44,212.84,217.63,217.75,216.44,53.17,52.66,57.36,56.84,0.53,0.83,2,2.9,Europe,"32,554"
South Korea,50607.91,50823.09,50983.46,51096.42,189.37,190.51,190.44,187.44,16.07,14.45,14.52,15.66,0.01,0.01,0.01,0.01,38.4,38.17,38.22,39.69,1.29,1.3,1.21,1.15,2.77,2.76,2.65,2.66,9.7,9.39,8.78,9,18.68,18.66,18.38,18.64,216.04,196.1,189.1,197.13,58.41,56.56,56.39,59.12,1.31,1.34,1.45,1.51,0.49,0.49,0.46,0.46,73.99,75.33,76.24,77.78,63.73,66.76,68.94,70.7,4,4.02,3.93,3.8,3.73,3.88,3.93,4.08,9.91,9.96,9.99,10.25,18.15,18.24,16.44,18.21,54.4,55.47,55.09,54.97,NA,NA,NA,NA,Asia,"38,824"
Republic of Moldova,4073.41,4070.7,4066.01,4059.68,137.37,141.46,140.74,136.09,46.81,46.76,47.36,45.65,NA,0,0,0,37.43,36.48,23.65,31.12,0.74,0.74,0.74,0.75,0.61,0.41,0.27,0.21,0.97,0.63,0.64,0.72,8.1,8.29,11.45,9.64,79.99,61.19,78.4,75.12,55.96,64.28,71.3,40.03,0.88,0.96,0.88,0.97,0.08,0.08,0.08,0.08,49.2,41.17,43.77,44.75,33.95,35.93,36.49,38.12,1.97,1.88,1.89,1.98,5.98,5.42,4.76,5.07,8.12,7.84,7.89,7.94,126.29,126.52,128.63,128.53,12.09,10.01,11.21,11.58,5.64,5.27,5.59,5.94,Europe,"5,711"
Romania,20035.93,19925.17,19796.28,19653.97,158.08,163.04,165.01,168.5,102.59,100.22,97.53,98.76,NA,0,0,0,27.1,27.95,29.19,29.6,2.34,2.3,2.08,2.19,1.01,1.46,1.57,2.29,1.92,2.01,2,2.04,14.46,14.5,14.65,15.3,190.78,188.56,178.93,196.22,82.81,84.55,90,88.25,2.49,2.6,2.74,2.93,2.78,2.76,2.63,2.67,112.26,111.67,109.57,99.91,60.09,63.49,65.86,63.91,3.95,3.93,3.87,3.34,8.64,7.04,7.5,7.28,14.33,14.1,13.95,14.35,243.28,244.62,247.09,238.92,5.85,5.88,5.92,5.96,4.23,4.4,4.66,5.38,Europe,"26,660"
Russia,144664.84,144985.06,145275.38,145530.08,151.09,159.56,152.62,146.91,111.23,112.54,112.71,112.12,0,0,0,0,79.53,78.78,78.68,81.87,2.27,1.94,2.44,2.53,0.38,0.16,0.16,0.21,2.22,2.14,2.09,2.34,15.03,13.77,15.35,15.37,113.61,112.62,109.73,113.04,61.5,55.26,56.66,56.1,3.21,3.03,3.11,3.21,0.22,0.2,0.36,0.21,78.07,69.25,68.98,66.4,73.42,73.11,73.68,76.61,4.21,4.11,3.92,3.99,4.4,4.19,4.22,4.41,15.34,15.39,15.64,16.02,172,162.03,160.36,165.45,22.49,20.12,20.58,20.07,0.41,0.21,0.21,0.21,Europe,"25,763"
Rwanda,11083.63,11369.07,11668.83,11980.96,54.67,50.78,49.28,51.34,304.32,297.66,299.6,296.63,0,0,0,0,8.9,8.12,7.94,8.39,36.97,36.68,37.31,36.33,0,0,0,0,2.87,2.95,3.03,3.24,1.97,2.41,3.15,3.06,41.69,39.76,36.95,39.46,253.22,254.76,252.3,228.24,0.12,0.21,0.19,0.16,0.28,0.25,0.25,0.26,18.2,20.42,21.55,19.78,8.78,9.43,9.02,9.08,1.01,1.1,0.98,1.24,0.26,0.34,0.28,0.27,0.37,0.39,0.41,0.39,19.41,21.51,20.13,19.62,5.26,7.15,7.86,7.66,0.66,0.07,0.06,0.41,Africa,"2,043"
Saint Kitts and Nevis,50.77,51.2,51.63,52.05,64.53,66.7,65.24,66.6,28.62,26,27.77,28.64,NA,NA,NA,NA,73.65,67.91,52.06,68.17,5.62,5.68,5.71,5.72,0.11,0.68,0.3,0.71,15.49,10.09,10.63,9.99,15.37,15.83,15.56,14.61,23.09,23.71,24.05,44.4,54.31,60.32,79.57,79.59,0.72,0.21,0.84,0.79,0.96,1.09,1.05,0.95,43.68,44.97,44.93,43.11,84.99,82.07,77.75,82.5,2.26,2.73,2.65,3.5,2.18,1.87,2.2,1.83,3.84,3.35,4.11,4.08,15.57,16.52,21.78,19.99,36.96,36.65,36.35,36.05,20.67,23.85,20.02,16.29,North America,"28,636"
Saint Lucia,178.3,179.13,180.02,180.95,82.85,79.63,79.15,80.2,28.86,29,29.13,29.4,NA,NA,NA,NA,43.81,43.55,41.95,41.21,6.27,6.9,6.19,6.3,0.3,0.61,0.74,0.64,6.43,7,6.55,6.98,6.33,6.93,6.6,6.79,41.49,30.1,41.24,45.8,67.89,62.33,58.05,66.14,0.4,0.51,0.51,0.67,2.49,2.18,1.87,1.98,59.76,66.55,78.44,86.8,96.33,95.73,94.02,90.89,5.1,5.26,4.46,4.52,0.32,0.27,0.26,0.28,3.9,3.66,3.87,3.7,29.81,29.03,31.27,32.13,33.73,33.18,31.93,34.1,11.92,13.5,19.86,17.86,North America,"13,986"
Saint Vincent and the Grenadines,108.86,109.15,109.46,109.83,118.36,120.86,114.93,118.62,65.75,64.2,66.12,57.55,NA,NA,NA,NA,46.93,47.3,45.67,45.52,8,9.17,8.06,8.49,0.15,0.51,0.47,0.47,1.21,1.51,1.11,1.38,9.64,9.19,9.69,9.51,44.58,46.73,42.19,67.6,135.9,133.11,134.07,137.79,3.6,3.71,3.64,3.86,2.52,2.46,2.75,2.78,28.64,24.17,27.14,33.24,91.26,93.35,91.18,91.04,0.96,2.11,1.41,2.2,0.33,0.33,0.3,0.29,5.06,5.04,5.28,4.49,25.76,26.88,27.52,29.73,18.3,18.26,18.2,18.14,8.4,24.42,24.95,25.43,North America,"11,769"
Samoa,192.22,193.51,194.53,195.35,59.17,59.66,59.76,61.29,131.91,129.86,133.2,128.26,0.06,0.06,0.06,0.06,34.33,34.33,34.94,34.69,0,0,0,0,0.16,0.08,0.22,0.18,169.52,171.69,174.81,175.34,8.25,8.24,8.88,8.53,17.29,18.25,19.79,19.43,183.72,176.19,179.23,179.77,2.27,2.34,2.45,2.24,0.95,0.97,1.02,0.97,23.86,23.4,24.71,23.73,97.17,96.51,97.35,96.67,2.56,2.73,2.54,2.33,3.5,3.54,3.57,3.77,2.29,2,2.3,2.19,27.49,30.22,35.79,32.75,47.19,45.95,47.7,46.32,8.97,10.5,11.56,12.92,Oceania,"6,641"
Sao Tome and Principe,195.73,199.43,203.23,207.09,87.42,90.71,89.7,90.67,40.51,43.18,45.19,45.65,NA,NA,NA,NA,31.76,31.9,32.15,31.87,4.59,4.12,3.92,3.82,0.03,0.01,0.01,0.03,129.33,118,123.21,122.7,8.88,9.26,9.67,9.59,14.99,14.03,10.14,10.53,206.93,209.2,215.55,224.52,0.14,0.4,0.13,0.09,0.36,0.36,0.37,0.36,30.15,25.22,26.52,18.66,15.35,15.48,15.43,14.81,0.2,0.24,0.23,0.23,0.2,0.22,0.25,0.27,2.97,2.07,0.7,0.69,9.09,6.75,6.87,6.33,29.95,29.39,28.84,28.3,9.99,7.21,6.08,5.21,Africa,"3,359"
Saudi Arabia,30916.6,31717.67,32443.45,33101.18,179.23,182.14,179.18,178.42,13.2,13.4,13.21,15.89,0.38,0.36,0.38,0.01,28.91,30.87,31.77,31.22,5.66,5.7,5.27,5.21,1.23,1.3,1.41,1.24,1.71,1.65,1.6,1.63,19.31,18.46,19.77,19.26,63.36,63.18,59.94,62.31,69.94,69.36,73.59,76.94,2.97,2.98,2.45,2.24,3.2,3.09,2.72,2.66,0,0,0,0,57.28,57.51,54.06,54.12,1.61,1.67,1.6,1.69,4.68,4.6,3.74,4.28,5.2,6.11,6.29,6.56,60.12,65.94,66.51,64.03,12.38,11.66,11.93,11.33,8.33,8.94,7.61,7.31,Asia,"53,893"
Senegal,14174.74,14578.46,14993.52,15419.35,212.7,224.57,229.14,227.75,20.58,21.46,22.83,23,0,0,0,0,13.88,14.35,16.11,18.4,4.37,5.1,4.54,4.14,1.13,0.86,0.72,0.92,7.04,7.32,7.22,6.71,18.23,14.9,16.71,16.98,59.84,68.26,66.62,69.37,21.05,18.59,20.79,20.61,0.47,0.71,1.11,1.02,0.51,0.54,0.48,0.63,2.05,2.1,2.56,2.82,14.6,14.18,13.83,14.13,1.29,1.27,1.3,1.81,0.3,0.29,0.29,0.31,1.76,1.72,1.58,1.65,10.58,10.64,10.84,10.98,20.94,17.06,18.6,18.09,0.11,0.1,0.1,0.13,Africa,"3,458"
Serbia,8898.29,8876.78,8853.96,8829.63,144.39,144.58,143.75,145.25,42.19,42.24,42.36,37.92,0,0.01,0.01,0.01,29.85,29.9,30.01,30.18,3.8,3.08,2.72,2.69,2.22,2.09,1.55,1.89,1.71,1.96,1.57,1.97,7.31,7.88,7.41,6.92,96.14,107.97,112.22,110.17,85.89,94.79,100.66,89.03,3.82,4.09,3.83,3.62,0.33,0.32,0.35,0.36,62.63,63.73,64.99,65.44,56.18,53.76,52.91,53.48,4.07,3.59,3.76,3.56,2.99,3.09,3.45,3.76,10.01,10.83,9.77,9.42,164.14,167.2,166.35,173.12,6.65,5.56,4.63,6.18,0.12,0.1,0.02,0.1,Europe,"15,432"
Sierra Leone,7017.15,7171.91,7328.83,7488.42,209.06,204.1,210.17,209.35,140.85,143.56,140.34,130.46,NA,NA,NA,NA,6.25,7.44,7.44,6.64,9.92,9.75,9.72,9.36,0.96,1.06,1.06,1.05,6.72,6.57,5.8,6.3,13.38,13.2,12.99,13.4,46.03,46.29,46.31,47.81,34.01,33.97,33.74,33.73,0.9,0.71,0.8,0.8,0.7,0.67,0.67,0.67,4.49,5.14,4.07,3.16,8.3,9.3,8.59,8.23,0.88,0.84,0.83,0.9,0.29,0.09,0.11,0.07,1.63,1.76,1.82,1.41,23.18,23.83,23.34,22.8,28.98,27.61,26.88,26.3,1.84,1.74,2.49,2.63,Africa,"1,530"
Slovakia,5428.8,5435.61,5442,5447.9,128.99,112.31,94.58,74.39,50.22,50.38,50.55,50.69,NA,NA,NA,NA,54.09,41.31,70.96,75.96,1.29,1.32,1.25,1.34,1.59,1.14,1.95,1.54,3.09,3.23,2.87,2.83,10.75,15.65,18.31,19.8,63.06,59.83,68.32,62.79,45.46,50.71,46.24,48.83,3.24,3.17,3.49,3.46,0.68,0.61,0.56,0.58,85.41,85.68,84.73,84.36,50.76,50.49,57.67,59.34,1.17,2.2,1.93,2.83,15.8,16.47,17.26,18.67,11.47,10.62,11.78,12.93,138.67,127,165.81,157.93,8.44,9.45,9.13,9.7,3.77,2.85,2.11,0.4,Europe,"32,371"
Slovenia,2067.49,2071.2,2074.21,2076.39,146.96,144.82,146.47,140.16,49.81,47.14,46.71,49.27,NA,NA,NA,NA,44.44,45.33,41.62,45.74,2,1.98,2.01,2.03,3.1,3.17,3.35,3.62,2.99,3.08,3.18,2.36,7.85,7.66,8.28,8.7,82.65,87.99,93.05,91.83,116.71,121.61,108.68,118.17,4.63,4.67,4.7,4.8,1.13,1.11,1.01,1.03,90.27,89.45,90.87,91.67,74.63,73.33,76.01,76.39,3.85,4.12,3.84,3.45,18.65,18.06,19.06,20.65,9.46,8.87,9.75,9.87,224.41,219.28,218.66,225.02,11.12,11.21,11.36,11.96,10.65,9.45,10.51,11.26,Europe,"36,387"
Solomon Islands,587.08,603.12,619.44,636.04,122.43,122.7,124.29,119.07,326.51,326.17,324.62,320,NA,NA,NA,NA,7.67,7.79,10.09,10.91,9.72,9.67,9.69,9.72,0.5,0.48,0.49,0.47,68.32,68.16,68.04,66.42,3.28,3.26,3.23,4.39,14.73,14.31,14.02,14.81,47.27,45.1,43.75,43.28,0.22,0.65,0.24,1.13,0.46,0.46,0.46,0.48,10.72,10.66,10.68,10.95,11.53,11.61,12.23,11.74,0.57,0.55,0.58,0.52,0.89,0.83,0.81,1.37,1.1,1.12,1.06,1.09,6.14,5.6,5.52,5.78,37.08,35.11,33.14,30.14,8.29,8.2,7.37,7.37,Oceania,"2,427"
South Africa,54544.19,55386.37,56207.65,57009.76,189.12,186.76,187.53,190.34,30.9,32.33,29.18,31.72,NA,NA,NA,NA,46.77,46.81,47.43,49.72,2.13,2.03,1.78,1.72,0.14,0.14,0.12,0.12,2.33,1.83,2.74,2.74,12.84,13.15,13.09,13.05,39.86,42.92,40.95,41.88,30.25,31.3,23.47,21.54,1.31,1.53,1.57,1.47,0.54,0.51,0.58,0.6,69.35,68.94,67.05,69.73,61.25,60.8,62.46,60.02,4.59,4.68,5,4.95,0.49,0.57,0.62,0.66,7.18,8.08,7.32,6.61,49.6,54.14,52.96,53.59,7.2,6.55,6.06,5.97,0.01,0.01,0.01,0.01,Africa,"13,526"
Spain,46777.93,46671.93,46634.14,46647.43,113.96,115.33,119.81,113.55,58.92,57.45,58.38,58.09,NA,NA,NA,NA,33.25,33.7,33.94,34.66,5.14,5.12,5.04,5,6.14,5.59,7.36,8.04,3.2,6.15,6.02,4.97,27.86,28.19,28.31,28.36,129.91,125.09,138.83,146.54,82.06,95.48,88.49,90.64,3.8,3.93,4.06,4.18,0.14,0.16,0.16,0.13,97.74,98.78,99.64,99.68,94.54,96.44,97.93,100.25,3.04,2.98,2.32,3.01,4.82,4.46,4.55,4.42,12.04,12.09,12.44,13.73,156.57,160.05,171.61,180.02,44.07,43.59,42.45,42.47,0,0,0,0,Europe,"39,037"
Sri Lanka,20788.51,20908.03,21021.17,21128.03,216.08,212.48,211,212.43,19.82,20.82,20.53,20.23,0,0,0,0,28.08,28.11,28.22,27.81,9.13,9.75,10.02,9.82,1.26,1.19,1.29,1.38,71.33,73.54,70.57,72.94,2.72,2.61,2.28,2.52,48.28,49.21,49.42,49.83,36.49,38.35,38.56,42.08,0.94,1.65,2.73,2.88,5.58,5.12,5.86,5.36,6.19,6.27,7.41,6.96,7.21,8.17,8.8,9.04,0.82,0.92,0.99,1.02,0.11,0.12,0.19,0.15,4.47,3.13,3.04,4.27,8.49,8.45,10.85,11.19,30.51,30.72,31,30.84,0.28,0.35,0.21,0.31,Asia,"12,863"
Sudan,37977.65,38902.95,39847.44,40813.4,126.79,127.21,130.82,130.76,19.8,19.81,19.45,19.4,7.9,7.2,7.03,7.35,30.89,31.63,31.28,31.61,11.7,10.63,11.19,10.76,0,0,0,0,5.96,4.63,4.96,4.98,9.63,9.77,9.56,9.48,82.18,81.79,79.46,84.49,68.86,79.12,70.48,71.78,1.04,1.33,0.2,1.52,0.57,0.57,0.52,0.41,0.01,0,0,0,23.52,23.18,22.14,21.39,3.03,2.97,2.84,2.83,0.93,0.97,0.94,0.97,1.21,1.25,1.25,1.19,111.43,110.6,107.45,105.38,1.01,1.06,1.06,1.03,0.56,0.65,0.69,0.75,Africa,"4,914"
Suriname,553.27,559.14,564.89,570.5,161.32,162.36,161.75,162.24,28.6,26.63,27.93,28.56,4.34,3.92,3.77,3.73,53.46,52.58,51.15,54.73,2.26,2.14,2.09,2,0.3,0.22,0.23,0.18,7.8,6.93,7.44,7.86,15.93,15.82,15.54,15.53,63.68,62.4,69.62,62.47,100.17,85.3,83.7,101.05,1.17,1.1,1.04,1.05,0.21,0.23,0.35,0.26,54.03,52.34,49.98,48.51,49,46.59,44.75,42.4,1.32,0.63,0.82,0.67,0.6,0.68,0.73,0.51,4.23,5.26,7.43,6.29,13.3,12.93,13.78,12.55,17.21,17.03,16.86,16.69,15.82,15.37,15.03,14.44,South America,"15,191"
Sweden,9692.13,9764.95,9836.01,9904.9,100.67,103.93,101.34,115.05,53.28,51.76,53.54,52.66,0,0,0,0,49.7,42.52,47.25,46.84,1.68,1.78,1.75,1.74,2.04,2.04,1.98,1.85,3.3,3.32,3.19,3.18,7.41,7.31,7.71,7.37,88.44,89.3,89.55,85.67,68.31,68.01,68.93,65.78,10.19,10.24,10.3,10.28,0.93,0.94,0.92,0.9,79.48,81.41,82.77,82.18,78.78,79.4,78.49,77.06,0.4,0.39,0.16,0.16,19.67,21.4,21.56,19.4,12.95,12.66,13.53,13.5,335.75,332.92,314.54,304.12,35.05,33.3,32.2,32.81,8.55,8.19,8.66,8.59,Europe,"51,405"
Switzerland,8206,8296.77,8379.92,8455.8,104.55,100.85,95.38,111.24,40.19,37.98,40.12,40.06,NA,NA,NA,NA,62.49,60.9,56,55.3,1.84,1.85,1.83,1.85,4.5,4.35,4.31,4.42,2.07,1.95,2.1,2.09,20.29,20.97,20.1,19.78,92.64,91.93,90.86,92.01,82.38,83.3,81.35,85.62,6.75,6.75,6.74,6.93,0.71,0.71,0.7,0.71,98.46,95.46,96.47,92.94,71.12,69.26,68.63,67.53,3.57,3.45,3.54,2.88,9.7,9.38,8.94,8.93,10.04,10.08,9.91,10,330.02,324.56,316.31,310.67,16.9,17.24,17.57,16.94,0,0,0,0,Europe,"66,307"
Tajikistan,8252.83,8454.03,8663.58,8880.27,148.83,147.28,147.17,144.66,34.34,36.63,34.32,31.68,0,0,0,0,20.76,19.03,17.28,17.97,1.56,2.7,2.81,2.69,0.69,0.7,0.64,0.63,0.57,0.76,0.93,1.46,8.96,8.94,9.8,9.11,183.11,190.91,197.29,208.83,33.87,37.22,38.92,40.97,0.55,0.43,0.58,0.6,0.03,0.03,0.12,0.33,1.17,1.16,1.4,1.54,15.68,15.91,15.54,16.47,2.14,2.18,2.28,2.32,0.03,0.06,0.02,0.02,1.71,1.9,1.71,2.44,54.86,57.2,56.06,56.67,0.61,0.54,0.38,0.37,2.28,2.52,2.14,2.26,Asia,"3,202"
Thailand,68438.75,68714.51,68971.31,69209.81,196.01,196.88,192.65,194.75,22.1,22.49,22.05,20.95,52.58,53.49,54.92,NA,46.66,38.82,41.08,44.84,3,2.75,2.63,2.6,1.19,1.24,1.02,1.04,13.62,12.21,12.95,14.17,6.93,7.75,9.03,8.67,36.26,37.87,39.24,39.89,93.08,89.06,89.69,92.39,0.86,1.02,1.22,1.4,7.43,7.99,8.15,7.35,39.94,41.24,41.52,40.18,29.45,28.04,27.37,27.37,1.21,1.39,1.44,1.33,0.25,0.49,0.87,1,12.6,12.12,11.07,12.36,14.76,14.2,15.79,14.73,23.06,23.08,26.46,29.17,0.11,0.14,0.1,0.1,Asia,"17,910"
Timor-Leste,1174.33,1196.3,1219.29,1243.26,206.52,209.29,206.68,205.5,48.86,46.85,45.48,42.94,NA,NA,NA,NA,19.22,20.83,21.5,22.01,6.8,7.38,7.49,7.1,0.1,0.02,0.05,0.01,4.83,4.53,4.68,4.38,4.53,4.94,5.15,5.34,24.56,24.44,24.13,24.87,15.69,16.05,16.04,16.41,3.15,5.62,2.63,7.91,0.39,0.4,0.42,0.39,3.7,3.77,3.69,3.48,31.73,32.39,31.92,31.51,0.99,0.99,0.97,0.9,0.76,0.77,0.76,0.7,1.7,2.02,2.08,0.8,1.45,1.41,1.55,1.02,6.96,6.02,6.33,7.98,9.76,7.39,8.74,6.95,Asia,"7,228"
Togo,7138,7323.16,7509.95,7698.47,154.77,140.7,144.16,140.77,198.58,180.76,189.87,178.61,NA,NA,NA,NA,14.76,16.09,16.82,16.3,15.55,15.43,15.75,15.69,0,0.54,0.63,0,4.79,5,6.08,4.2,6.22,13.1,6.49,12.55,20.17,19.1,19.1,19.26,8.45,8.34,8.25,8.1,0.71,0.73,0.73,0.75,0.57,0.57,0.53,0.53,10.18,10.52,9.38,9.03,12.55,12.61,12.47,12.58,0.75,0.78,0.74,0.69,0.23,0.28,0.24,0.26,0.82,0.92,0.95,0.95,7.78,8.26,7.29,6.45,10.56,12.88,12.02,11.73,3.8,5.7,4.05,6.63,Africa,"1,663"
Trinidad and Tobago,1362.35,1370.33,1377.56,1384.06,128.82,131.6,137.44,134,38.6,35.7,35.57,35.98,1.04,NA,NA,NA,62.18,55.69,58.62,57.53,9.47,9.44,9.29,9.15,0.88,1.55,0.77,0.95,13.39,13.63,13.2,12.3,13.91,13.71,13.09,12.86,33.49,35.68,36.66,36.09,58.21,72.24,49.48,50.91,0.97,0.97,0.94,0.92,2.49,1.89,2.32,2.36,24.77,21.72,21.97,25.47,71.05,71.89,69.28,68.65,1.55,2.09,1.97,1.88,2.94,2.87,2.87,2.87,4.56,3.82,5.03,4.14,30.4,30.58,29.32,29.47,23.37,21.76,20.34,23.85,5.4,6.58,2.75,2.47,North America,"31,645"
Tunisia,11063.2,11179.95,11303.94,11433.44,210.49,209,211.1,208.28,30.48,30.52,30.56,30.63,NA,NA,NA,NA,34.66,34.92,35.98,36,7.75,6.89,7.55,7.45,5.99,6.23,6.17,6.03,3.68,3.69,3.73,3.51,20.89,21.81,20.75,21.69,278.41,316.89,274.55,272.58,90.79,96.78,91.97,93.85,3.05,2.84,2.72,3.42,2.24,2.14,1.93,1.84,11.75,11.25,12.07,12.16,28.42,28.33,28.24,28.36,1.62,1.6,1.61,1.6,3.82,4.25,4.03,3.6,8.19,9.14,8.09,7.79,110.51,122.37,125.48,111.94,13.81,12.92,13.31,13.16,0.2,0.19,0.18,0.2,North America,"11,936"
Turkey,77229.26,78529.41,79827.87,81116.45,193.1,189.16,193.34,182.35,47.82,47.63,47.48,46.86,NA,NA,NA,NA,31.64,30.55,31.74,31.94,13.1,13.09,12.29,12.81,5.29,8.28,6.41,8.76,4.73,4.9,5.21,5.11,16.36,18.25,18.36,19.11,242.42,250.57,255.06,254.11,114.06,110.68,119.59,128.33,3.69,3.8,3.66,3.76,2.09,2.13,2.14,2.35,15.56,14.47,12.23,12.16,36.08,37.04,37.64,38.87,1.56,1.72,1.73,1.61,2.78,2.69,2.56,2.74,7.43,7.59,7.37,7.43,185.42,182.23,176.55,175.85,5.06,5.51,4.93,4.85,0.18,0.18,0.18,0.19,Europe,"28,002"
Turkmenistan,5466.33,5565.29,5662.37,5757.67,206.3,207.51,208.54,203.64,30.51,30.86,31.3,31.64,NA,NA,NA,NA,11.84,8.72,7.78,9.28,1.09,1.05,1.03,1.42,1.01,0.98,0.68,0.39,0.85,0.79,1.23,0.91,7.21,6.68,6.82,7.78,149.15,140.85,146.75,143.09,61.51,63.07,57.95,57.01,1.07,1.09,1.25,1.3,0.06,0.05,0.05,0.02,9.15,8.85,6.99,6.93,59.43,57.96,57.38,60.21,0.64,0.74,0.75,0.81,4.97,4.62,4.55,4.64,7.2,7.31,7.18,7.07,134.17,149,147.61,145.28,3.64,3.62,3.15,2.94,4.06,3.48,3.02,3.48,Asia,"18,031"
Uganda,36911.52,38225.45,39649.17,41166.59,75.19,79.05,72.04,72.83,125.2,128.63,133.77,133.41,0,0,0,0,21.39,14.65,12.21,13.6,24.3,23.21,25.76,25.84,0,0,0,0,8.1,6.69,6.75,6.84,8.98,8.01,7.92,8.03,29.17,29.12,29,28.82,125.03,120.75,121.4,122.08,0.11,0.09,2.01,0.14,0.18,0.15,0.12,0.13,69.75,71.81,66.52,66.56,11.1,10.43,10.1,9.69,1.49,1.38,1.31,1.22,0.41,0.4,0.4,0.38,1.01,0.89,0.91,0.88,37.12,38.9,39.6,37.51,14.44,12.41,11.74,11.27,0.09,0.45,0.29,0.4,Africa,"1,868"
Ukraine,45111.53,44921.64,44713.7,44487.71,127.73,159.91,167.76,160.16,122.88,116.15,117.11,131.26,NA,NA,NA,NA,66.48,65.28,56.51,66.4,1.49,1.5,1.92,1.88,1.14,1.22,1.08,1.38,0.42,0.24,0.27,0.3,13.08,11.22,10.07,11.07,185.08,164.05,165.96,161.44,47.34,43.34,47.9,50.33,1.79,1.41,1.53,1.51,0.17,0.18,0.21,0.19,68.36,57.42,46.53,44.91,49.58,46.28,47.28,46.92,2.6,2.53,2.4,2.29,3.62,3.32,3.18,3,18.74,15.64,14.55,14.43,142.47,145.27,142.85,146.18,12.63,9.27,10.42,11.67,0.14,0.13,0.11,0.12,Europe,"8,699"
United Arab Emirates,9214.17,9262.9,9360.98,9487.2,162.16,162.42,158.44,162.03,12.13,12.02,11.46,11.22,0.06,0.11,0.15,NA,45.18,45.53,42.38,45.92,26.75,27.3,25.1,26.5,4.37,3.01,3.75,7.33,7.93,8.41,8.38,7.7,10.47,9.9,10.22,9.98,99.49,106.74,104.36,103.82,107.38,116.32,117.02,102.87,2.25,2.08,2.04,2.07,4.43,3.67,3.1,4.01,NA,NA,NA,0,62.82,63.2,64.39,62.02,2.52,2.67,3.04,2.63,2.4,2.44,2.5,2.38,9.31,9.9,10.36,7.48,41.34,40.02,43.16,33.23,25.44,25.3,25.04,24.71,0.3,0.3,0.3,11.89,Asia,"74,035"
United Kingdom,65423.05,65860.15,66297.94,66727.46,118.33,118.32,120.32,118.28,89.38,86.31,85.79,92.46,NA,NA,NA,NA,39.99,41.38,43.48,44.09,3.77,3.84,3.44,3.68,1.26,1.46,1.56,1.63,3.6,3.7,3.64,4.05,13.42,12.9,12.81,13.33,84.16,80.63,83.45,82.91,87.75,86.86,87.63,89.6,4.44,4.4,4.61,4.45,1.04,1.16,1.17,1.18,98.37,100.84,99.78,95.17,74.34,78.6,80.79,79.89,1.89,1.88,2.04,1.91,6.03,6,5.35,4.98,10.66,11.08,11.19,11.23,224.89,226.05,219.79,223.65,20.12,19.99,19.85,19.73,12.54,12.58,13.12,12.04,Europe,"44,920"
Tanzania,49960.56,51482.63,53049.23,54660.34,118.84,121.21,128.73,121.87,144.84,157.06,145.72,162.61,0,0,0,0,10.79,10.26,12.02,12.07,21.54,21.16,21.41,25.39,0.52,0.93,0.66,0.49,19.78,19.59,18.74,14.98,7.97,7.63,8.56,10.66,48.97,45.2,45.82,46.11,81,82.44,82.52,79.51,0.16,0.13,0.14,0.35,0.31,0.37,0.33,0.32,65.92,58.98,53.06,52.72,9.88,9.66,9.44,9.22,1.25,1.23,1.22,0,0.7,0.7,0.68,0.47,0.52,0.49,0.52,0.35,43.19,43.46,40.43,39.21,6.33,7.33,7.01,6.8,0.31,0.19,0.28,0.25,Africa,"2,948"
United States of America,318673.41,320878.31,323015.99,325084.76,110.58,110.67,109.54,109.05,55.75,53.76,56.09,56.24,NA,NA,NA,NA,66.25,66.32,66.1,65.77,3.51,3.54,3.71,3.75,3.23,3.38,3.48,3.51,6.43,6.55,6.4,6.43,19.47,19.45,19.59,19.59,121.41,118.85,118.01,113.41,86.17,85.8,87.57,90,4.79,4.83,4.85,4.87,0.95,0.96,0.96,0.97,97.68,98.6,99.3,96.37,117.56,120.86,122.86,124.1,0.39,0.38,0.38,0.39,3.28,3.41,3.34,3.33,14.9,14.6,15.11,15.57,250.15,253.4,253.77,254.87,21.82,21.92,21.91,22.36,0,0,0,0,North America,"59,928"
Uruguay,3400.44,3412.01,3424.13,3436.64,154.01,156.9,156.45,156.19,47.09,46.42,48.44,46.38,NA,NA,NA,NA,56.65,52.36,54.35,51.96,2.62,2.78,2.98,2.95,0.12,0.14,0.16,0.2,4.01,3.68,3.8,4.22,14.54,15.27,16.24,15.75,56.06,59.36,58.64,59.93,79.78,79.92,76.87,81.89,10.01,10,9.83,9.4,0.18,0.18,0.23,0.22,52.87,54.1,58.23,54.34,61.43,58.01,52.41,57.69,1.26,1.64,1.81,1.78,3.49,2.91,3.46,3.2,11.72,10.99,11.4,11.83,208.23,207.64,183.8,188.79,9.21,8.61,8.24,9.23,5.71,5.8,6.09,5.97,South America,"22,610"
Uzbekistan,NA,NA,NA,NA,190.78,188.87,190.18,194.71,51.4,52.42,52.99,53.39,0,0,0,0,8.66,9.95,10.56,10.71,0.04,0.03,0.04,0.04,2.13,2.23,1.91,1.2,0.27,0.22,0.18,0.53,10.95,10.39,11.04,11.29,288.84,313.99,291.81,274.15,100.12,104.22,97.75,96.37,1.07,1.05,0.95,1.19,0.19,0.14,0.09,0.07,13.8,14.39,13.41,12.63,33.53,34.81,34.05,34.41,3.47,3.51,3.52,3.23,2.56,2.61,2.37,2.5,5.73,6.14,5.15,6.59,210.14,226.75,225,217.97,1.92,2.28,2.29,2.25,0.74,0.7,0.61,0.74,Asia,"6,880"
Vanuatu,263.89,271.13,278.33,285.51,84.42,85.06,77.77,84.09,181.07,180.28,178.75,166.96,NA,NA,NA,NA,21.07,17.58,17.79,17.9,0.01,0.01,0.01,0.01,0.07,0.06,0.07,0.05,158.46,156.95,163.2,159.73,5.06,4.74,4.67,4.82,50.98,50.23,49.95,51.39,80.35,78.44,76.59,76.22,0.52,1.54,0.78,0.4,0.48,0.48,0.49,0.49,3.29,3.41,2.64,3.18,38.1,37.52,37.14,36.03,2.69,2.41,2.4,2.33,1.1,1.07,1.06,1.04,3.05,2.9,2.7,2.46,17.2,15.59,16.76,16.65,30.73,29.91,29.14,28.4,4.25,5.39,4,3.78,Oceania,"3,215"
Venezuela,30042.97,30081.83,29851.26,29402.48,139.89,132.24,133.05,138.06,32.13,31.85,27.64,27.39,0,0,0,0,38.03,38.3,37.28,36.43,5.28,3.01,2.72,3.57,0.15,0.12,0.02,0.01,0.52,0.31,0.32,0.3,16.95,16.36,16.1,14.67,53.01,52.11,44.2,44.3,87.81,90.31,83.83,81.67,2.3,2.48,1.64,1.58,0.07,0.01,0.02,0.01,69.93,67.9,34.03,27.72,71.8,56.68,43.2,40.94,2.47,2.01,1.94,2.22,1.5,0.63,0.51,0.43,4.3,4.16,3.83,3.62,118.82,105.81,89.19,100.32,11.1,8.64,9.95,10.1,1.96,0.94,0.61,0.75,South America,NULL
Vietnam,91713.85,92677.08,93640.42,94600.65,238.94,242.01,241.84,240.78,14.57,14.59,14.66,15.12,12.54,11.87,11.21,11.63,13.74,14.61,15,18.33,2.85,3.04,3.1,2.9,4.76,4.36,4.37,4.38,12.53,12.58,12.82,12,2.87,2.9,3.14,3.14,153.81,155.71,161.65,170.53,75.72,72.84,75.04,84.23,3.01,3.33,3.33,4.11,2.32,2.32,2.73,2.96,17.63,17.81,20.16,20.82,61.48,64.34,63.42,63.33,5.5,6.7,6.02,5.92,2.09,2.25,2.24,2.34,3.51,3.82,4.01,4.39,5.52,7.07,9.65,8.66,30.88,35.47,35.92,37.66,0.17,0.16,0.17,0.18,Asia,"6,790"
Yemen,25823.49,26497.89,27168.21,27834.82,169.22,176.13,161.49,164.59,9.48,7.79,6.9,6.53,0,0,0,0,32.8,28.36,25.33,30.53,6.23,5.47,4.9,5.23,0.16,0.08,0.14,0.01,0.96,0.64,0.67,0.54,5.07,6.13,5.89,6.54,27.55,23.5,22.44,19.44,40.54,34.12,31.78,31.06,0.73,0.68,0.71,1.33,0.54,0.48,0.3,0.21,0.38,0.31,0.29,0.22,20.37,18.08,17.43,16.86,1.92,1.84,1.7,1.71,0.78,0.57,0.48,0.27,2.06,1.78,1.63,1.56,15.45,13.27,11.93,11.44,5.46,4.78,3.94,3.17,1.85,1.16,1.44,1.23,Asia,"2,606"
Zambia,15399.79,15879.36,16363.46,16853.6,145.48,154.54,148.7,150.9,53.99,52.41,57.22,56.71,0,0,0,0,20.48,13.63,14.29,11.13,1.41,1.25,1.25,1.25,0,0.01,0,0.01,12.5,13.3,13.23,13.34,5.43,5.19,5.23,4.74,24.82,25.41,25.3,24.67,9.93,8.62,8.64,7.25,0.59,0.56,0.56,0.44,0.33,0.33,0.39,0.34,41.97,41.6,41.08,40.84,12.95,12.87,12.97,13.12,2.18,2.09,2.06,2.17,0.67,0.64,0.66,0.59,2.4,2.39,2.41,2.42,13.48,12.51,11.98,12.51,10.57,12.19,12.02,12.05,0.96,1.15,1.24,1.53,Africa,"4,033"
Zimbabwe,13586.71,13814.63,14030.33,14236.59,152.24,149.09,150.93,152.92,20.22,20.18,20.12,20.19,0,0,0,NA,35.45,37.12,33.47,31.42,3.45,3.17,2.86,2.88,0.3,0.19,0.15,0.35,2.75,2.78,3.03,3.04,11.62,11.76,11.84,11.56,16.28,16.02,15.95,15.69,15.41,15.44,12.8,14.87,0.95,0.88,1.07,1.01,0.18,0.16,0.17,0.17,31.84,25.56,26.26,27.41,17.91,17.81,18.01,17.67,1.28,1.26,1.31,1.41,0.54,0.51,0.52,0.51,1.93,1.84,1.86,1.81,30.54,27.38,28.2,29.95,3.39,3.82,3.79,3.73,3.06,3.34,2.36,1.36,Africa,"2,434"
