Area,"Alcohol, Non-Food",Apples and products,"Aquatic Animals, Others",Aquatic Plants,Bananas,Barley and products,Beans,Beer,"Beverages, Alcoholic","Beverages, Fermented",Bovine Meat,"Butter, Ghee",Cassava and products,Cephalopods,"Cereals, Other","Citrus, Other",Cloves,Cocoa Beans and products,Coconut Oil,Coconuts - Incl Copra,Coffee and products,Cottonseed,Cottonseed Oil,Cream,Crustaceans,Dates,Demersal Fish,Eggs,"Fats, Animals, Raw","Fish, Body Oil","Fish, Liver Oil",Freshwater Fish,"Fruits, Other",Grapefruit and products,Grapes and products (excl wine),Groundnut Oil,Groundnuts (Shelled Eq),Honey,Infant food,"Lemons, Limes and products",Maize and products,Maize Germ Oil,"Marine Fish, Other","Meat, Aquatic Mammals","Meat, Other",Milk - Excluding Butter,Millet and products,Miscellaneous,"Molluscs, Other",Mutton & Goat Meat,Nuts and products,Oats,"Offals, Edible","Oilcrops Oil, Other","Oilcrops, Other",Olive Oil,Olives (including preserved),Onions,"Oranges, Mandarines",Palm kernels,Palm Oil,Palmkernel Oil,Peas,Pelagic Fish,Pepper,Pigmeat,Pimento,Pineapples and products,Plantains,Potatoes and products,Poultry Meat,"Pulses, Other and products",Rape and Mustard Oil,Rape and Mustardseed,Rice and products,Ricebran Oil,"Roots, Other",Rye and products,Sesame seed,Sesameseed Oil,Sorghum and products,Soyabean Oil,Soyabeans,"Spices, Other",Sugar (Raw Equivalent),Sugar beet,Sugar cane,Sugar non-centrifugal,Sunflower seed,Sunflowerseed Oil,Sweet potatoes,"Sweeteners, Other",Tea (including mate),Tomatoes and products,"Vegetables, Other",Wheat and products,Wine,Yams
Afghanistan,NA,4.01,NA,NA,3.66,0.51,NA,0.01,0,0,2.61,1.01,NA,NA,0,1.32,NA,0,0,0,0.03,NA,0.1,0.01,NA,0,NA,1.5,0.4,NA,NA,0.25,8.12,0.01,17.9,0,0.03,0.04,0.1,0.01,1.38,0,NA,NA,0.3,54.19,0.26,0.42,NA,4.15,0.55,0,1.47,0,NA,0.02,0.07,5.88,3.18,NA,1.84,0,NA,NA,NA,0,NA,0,NA,6.29,1.53,2.11,0.06,NA,19.77,0,NA,0,0.4,0.02,NA,0.3,0,0.41,9.12,NA,0,NA,NA,1.47,NA,0.48,2.16,0,42.46,155.39,0,NA
Africa,0,2.16,0,0,11.94,3.17,4.28,12.35,0.62,18.13,5.63,0.22,59.45,0.04,3.85,4.04,0.01,0.01,0.1,0.88,0.65,NA,0.27,0.11,0.18,2.67,1.64,2.3,0.29,0,0,4,13.43,0.37,2.22,1.06,3.28,0.17,0.07,0.83,46.78,0.21,0.78,NA,1.43,35.45,8.34,0.85,0.04,2.49,1.01,0.07,2.04,0.85,0.45,0.22,0.99,9.66,7.33,0,2.9,0.5,0.59,3.66,0.03,1.48,0.71,4.13,13.52,17.1,6.21,7.09,0.03,0,36.39,0,8.52,0,0.34,0.1,15.64,1.43,0.63,0.55,15.02,0,3.19,0.04,0.13,1.1,17.19,2.26,0.42,16.99,40.69,48.99,0.63,30.18
Albania,NA,33.7,0,0,9.88,0.26,5.64,32.08,0,0,14.67,1.81,0,0.41,0.05,0.03,NA,0,NA,0,2.58,NA,NA,0,0.35,4.1,1.08,14.66,1.62,0,0,0.83,51.95,0.06,52.6,0.01,0.25,1.09,0.09,2.34,2.8,0.29,0.74,NA,0.17,396.34,NA,2.74,0.37,9.11,3.82,0.08,5.86,1.47,NA,0.64,23.34,37.09,16.36,NA,NA,NA,0,1.58,0.01,7.2,0.01,0.07,0,45.61,16.36,0.36,0.01,0,9.84,NA,0,0.63,NA,NA,NA,0.1,0,0,21.2,NA,NA,NA,NA,5.7,0,16.45,0.07,73.58,186.19,132.1,10.06,NA
Algeria,NA,11.36,0,0,2.09,12.57,1.39,4.18,0.15,0,4.63,0.22,0,0.09,0.07,0.03,0,0,0.05,0.04,3.2,NA,NA,NA,0.11,20.88,0.42,8.43,0.23,0,0,0.17,25.89,0.04,12.3,0.68,0.1,0.15,0.44,1.67,15.87,0.03,0.32,NA,0.35,121.71,NA,2.23,0,6.69,1.84,0.01,1.39,2.9,0,1.76,5.24,32.6,27.45,NA,0.66,NA,0.45,2.75,0.08,0,0.43,0.2,0,66.04,6.38,5.8,0.1,0,4.25,NA,0,0,0.16,0,0.13,8.04,0,0.37,26.65,NA,NA,NA,NA,2.25,0,2.5,0.34,30.49,122.99,185.67,0.01,NA
Americas,NA,10.02,0.07,0,16.57,0.3,6.28,60.75,3.87,0.77,27.83,1.2,12.9,0.36,0.45,0.7,0,0,0.1,2.77,2.75,0,0.44,0.6,2.92,0.08,2.87,12.59,1.55,0,0,3.88,25.6,1.2,4.53,0.09,2.32,0.3,0.1,5.35,37.51,0.83,0.33,0,0.65,163.96,0,0.99,1.38,0.62,1.89,2.21,2.21,1.47,0.01,0.47,0.41,9.58,20.85,NA,1.88,0.06,0.52,3.04,0.09,18.65,0.21,7.38,8.16,34.25,41.94,1.28,1.23,0,28.17,0.02,1.1,0.25,0.12,0.03,0.28,8.9,0.26,0.38,35.37,0.02,3.26,1.82,0.19,0.83,2.76,16.12,1.01,21.2,47,61.45,4.94,1.03
Angola,NA,0.61,0,0,34.84,0,6.58,39.17,1.03,25,4.33,0.06,158.04,0.13,0,8.47,0,0,0,0.13,0.56,NA,0.02,0.27,0.03,0,5.95,0.67,0.31,0,NA,0.85,2.14,0,0.03,0.99,4.05,0.75,0.15,0.06,56.57,0.01,0.74,NA,0.32,9.49,1.38,1.18,0.01,0.77,0.07,0.03,1.77,0.03,NA,0.11,0.04,0.89,0.36,NA,2.52,0.24,NA,12.51,0,7.5,0,22.02,0,15.08,10.56,0.85,0,0,13.43,0,0,0,0.09,0,0,2.8,0.46,0.01,11.33,NA,0,NA,NA,0.66,33.69,9.04,0.02,3.19,22.23,32.6,1.13,NA
Antigua and Barbuda,NA,4.88,NA,0,19.52,0,1.1,30.11,8.25,0.55,7.47,0,1.34,0.36,0.62,0.38,0.08,0,0.08,0.46,0.83,NA,0.03,0,5.49,0.09,6.08,2.88,0.1,0,0.01,0.72,90.32,0.25,3.35,0.25,1.3,0.35,0.49,4.9,1.43,0.12,19.4,NA,0.25,80.62,0,8.55,7.81,1.99,0.32,1.26,2.81,5.03,NA,0.52,0.31,7,2.8,NA,0,0,0.53,12.68,0.45,8.22,0.23,6.27,3.3,11.68,54.1,0.7,0.15,0,13.18,NA,0.79,0.01,0.02,0.04,0,3.98,0.27,1.18,27.12,NA,NA,NA,0.03,0.04,3.27,21.6,1.15,8.42,53.59,59.42,6.38,1.32
Argentina,NA,16.97,0,0,14.7,NA,0.41,43.03,1.11,0.04,54.16,0.93,1.84,0.54,0.77,0.03,0,0,0.09,0.06,0.84,NA,0.07,0,1.43,0.01,2.87,15.5,2.55,0,0,0.31,16.69,1.99,2.02,0.09,0,0.03,NA,13.76,11.57,0.49,0.01,NA,1,158.94,NA,NA,0.77,1.28,0.31,0.96,5.87,0.16,0,0.11,0.1,14.36,26.8,NA,0,0,0.06,1.38,0.04,10.7,0.09,0.88,0.03,38.28,42.24,0.34,0.05,0,12.16,NA,0,NA,0,0,NA,2.67,0.01,0.07,40.76,NA,NA,NA,NA,11.09,7.14,6.64,5.96,14.35,38.86,105.17,22.1,NA
Armenia,NA,27.31,0,0,4.11,0.54,1.49,6.1,0.36,0,17.82,1.48,0,0.01,2.31,0.01,NA,0.33,0.19,0.03,3.29,0,0,0,0.35,0.28,0.14,11.64,2.21,0,0,4.37,70.75,0.42,14.14,0,0.68,0.74,0.14,0.71,7.48,0.14,0.17,NA,0.03,200.09,NA,4.6,0.03,2.95,2.23,0.65,6.12,2.19,0.01,0.03,1.05,18,4.55,NA,0,0,0.52,0.76,0.07,8.79,0.02,0.37,0.11,40.98,16.06,0.88,0,0,3.29,NA,0,0.14,0.02,0,NA,0.21,0.01,0.03,29.45,NA,NA,NA,NA,6.7,0,23.31,0.13,62.52,255.66,132.49,1.62,NA
Asia,NA,9.02,0.26,0.32,11.34,0.67,1.68,13.76,3.02,1.11,4.68,0.23,5.07,0.54,0.31,1.38,0.01,0,0.22,3.76,0.66,0,0.47,0.18,2.37,0.85,2.43,10.85,0.86,0.01,0,10.93,30,1.26,4.56,0.58,2.47,0.16,0.12,1.25,11.05,0.19,1.36,NA,0.55,62.25,2.51,0.49,3.68,1.93,2.25,0.1,2.21,0.29,0.04,0.09,0.09,13.04,9.89,0,2.05,0.23,1.15,2.59,0.07,15.18,0.64,1.65,0.98,29.64,9.71,4.39,1.29,0,117.25,0.09,0.77,0.09,0.18,0.12,1.51,2.09,2.07,1.17,14.54,0.08,1.46,1.04,0.02,0.77,8,1.88,1.06,20.63,145.99,63.29,0.77,0.03
Australia,NA,13.4,0.06,0,15.12,NA,0,76.57,1.85,1.63,35.7,3.82,0.08,1.15,1.09,0.07,0.01,0,0.03,0.72,4.73,NA,3.12,0.2,4.81,0.33,5.99,8.03,1.67,0,0.01,4.4,21.52,0.29,7.45,0.07,2.46,0.68,0.39,1.31,4.95,0.14,2.08,NA,2.26,219.48,NA,9.2,2.87,10.07,5.76,1.66,7.69,5.84,NA,1.49,2.73,9.25,10.91,NA,3.33,0,0.23,4.57,0.13,25.92,0.17,5.56,0,47.97,47.65,0.76,8.06,0,15.95,NA,0.02,0.03,NA,0.18,0,0.47,0.71,0.52,36.35,NA,0,NA,NA,0.49,2.51,8.96,0.57,18.12,65.87,76.03,20.5,NA
Australia and New Zealand,NA,12.51,0.09,0,15.09,0.03,0.25,75.05,2.04,1.39,33.31,4.67,0.11,1.14,1.57,0.39,0.01,0,0.03,0.7,4.46,0,2.63,0.19,4.44,0.27,6.93,8.41,1.67,0,0.01,4.12,21.08,0.27,6.89,0.06,2.46,0.77,0.33,1.26,4.77,0.16,1.75,NA,2.27,201.91,NA,7.72,2.55,11.51,5.19,1.79,6.76,4.92,0.01,1.42,2.35,7.76,10.34,NA,2.79,0,0.33,4.75,0.13,25.6,0.15,5.17,0.02,47.76,45.59,0.82,7.19,0,15.12,NA,0.14,0.02,0.03,0.16,0,0.81,0.71,0.52,38.45,0.03,0,NA,0.04,0.57,2.43,8.43,0.55,17.93,68.41,78.75,18.28,0.01
Austria,NA,21.81,0.02,0,11.91,0.21,0.16,96.91,2.22,0,17.76,5.42,NA,0.25,1.87,0.07,0.01,0,0,0.19,7.33,NA,0,7.5,1.71,0.24,2.79,14.69,3.02,0,0,4.14,31.85,0.24,4.4,0.04,1.16,1.25,0.01,3.44,10.78,0.03,0.71,NA,1.17,230.63,NA,0,0.52,1.12,4.41,2.14,1.96,1.04,0.49,1.02,0.72,11.78,10.25,0,0,NA,0.13,3.98,0.1,48.97,0.26,1.6,0.02,56.87,18.2,0.56,9.3,0,5.4,NA,0.01,10.53,0.28,0.02,NA,1.17,2.14,0.55,42.27,NA,NA,NA,0,2.49,0.04,5.09,0.32,13.75,69.68,84.81,31.7,0
Azerbaijan,NA,14.77,0,0,1.44,0.05,0.55,46.98,9.41,0,12.69,3.82,0,0.01,0.68,0.43,NA,0,0.01,0.01,0.13,NA,0,0,0.17,0.48,0.37,8.86,0.21,0,NA,0.68,39.25,0.13,12.69,0,0.12,0.26,0.2,1.49,16.93,0.17,0.12,NA,0,131.82,NA,0.03,0.01,7.77,3.02,0.11,2.43,2.53,0,0.13,0.08,17.32,5.26,NA,0,0,NA,1.84,0.01,0.51,0.01,0.09,0,74.52,13.11,0,0,0,1.96,NA,0,0,NA,0,0,0.38,0,0.06,21.46,NA,0,NA,NA,0.31,0,2.87,0.8,48.22,94.08,187.63,0.59,NA
Bahamas,NA,4.16,0.01,0,30.18,1.77,0.18,4.12,12.94,0.65,7.93,0,2.76,0.17,0.12,0.98,0,0.01,0.05,6.77,1.38,NA,0,0,7.14,0,3.43,7.07,0.07,0,0,1.04,25.68,55.59,2.92,0,0.86,0.34,0.79,10.37,3.28,0.16,0.81,NA,0.47,24.61,NA,32.37,1.44,2.91,0.56,0.25,3.64,3.99,0,0.37,0.15,4.85,17.5,NA,0.43,0.03,0,13.29,0.1,12.56,0.01,1.59,1.16,6.56,43.17,0.39,NA,0,19.29,0,0.19,NA,0,0.02,NA,0.73,0.02,0.88,31.66,NA,NA,NA,0,0,2.4,38.29,0.37,12.25,70.72,17.41,5.12,0.02
Bangladesh,NA,1.46,0,0,4.55,NA,0.36,0.02,0.01,0,1.18,0.01,0.17,0,0,0.02,0,0,0.12,0.04,0.02,NA,0.03,0,1.21,0.03,0.49,2.85,0.14,0,0,20.17,18.6,0.39,0.11,0.1,0.06,0.01,0.05,0.41,0.66,0,1.94,NA,0,18.1,0.07,0.13,0,1.36,0.9,0,0.61,0.01,0,0,0,12.34,0.86,NA,3.79,0,2.15,0.49,0,0,0.86,1.19,NA,49.9,1.5,4.3,0.89,0,268.49,0.01,0,0,NA,0.05,0,2.3,0.63,2.21,5.6,NA,1.88,1.45,0.01,0.03,1.38,1.89,0.49,2.23,20.53,18.06,0,NA
Barbados,NA,10.21,NA,0,11.82,0,0.51,28.87,1.37,0.55,12.76,0,0.9,0.32,1.31,0.09,0.04,0.01,0,7.5,1.22,NA,0.89,2.27,1.83,0.08,2.69,9.51,0.43,0,0,0.74,19.69,1.03,9.32,0.01,1.9,0.49,0.76,1.81,10.43,0.61,10.45,NA,0.05,26.9,NA,39.54,0.57,4.49,1.04,1.38,2.08,2.26,0,0.77,0.19,7.62,9.64,NA,0,0.01,1.37,23.37,0.4,7.29,0.19,4.59,3.39,41.62,46.78,5.93,NA,1,18.92,NA,0.96,0.02,0.11,0.04,NA,4.58,0.22,1.28,45.57,NA,0,NA,0.07,1.44,5.24,6.83,0.87,2.88,56.29,66.39,12.71,1.1
Belarus,NA,23.72,0,0,7.69,3.09,NA,46,16.93,1.96,16.73,4.99,0,0.26,2.91,0.01,0,0.78,0.09,0.04,0.98,0,0,1.53,0.17,0.06,3.29,14.71,0,0,0,3.64,28.2,0.62,1.72,0,0.51,0.31,0,0.84,0.45,0.03,1.15,NA,0.19,120.76,NA,9.79,0.25,0.11,2.72,10.26,7.38,2.5,NA,0.06,0.22,26.77,5.97,NA,0,0,NA,7.52,0.03,36.46,0.02,0.52,0,178.29,27.98,0.02,4.07,0,2.9,NA,0,31.92,NA,0,NA,1.27,0.6,0.09,25.37,NA,0,NA,NA,9.09,0,52.4,0.45,32.25,111.83,70.61,8.14,NA
Belgium,NA,5.96,0.02,0,10.65,0.17,0.44,80.61,1.58,0.58,13.76,2.18,NA,0.29,0.05,0.76,0,0,0,0.56,4.73,NA,0,10.38,1.13,0.33,7.66,13.18,4.82,0,0,6.83,17.26,1.49,6.22,0,0.24,0.57,NA,2.59,2.68,1.93,0.36,NA,1.79,236.39,NA,NA,2.52,1.04,2.66,0.16,4.44,2.23,0,1.24,0.64,2.47,35.2,0,0,0,1.69,4.22,0.13,36.54,0.13,2.6,1.5,89.7,12.65,0.17,0,0,9.92,NA,0,0.76,NA,0,NA,4.44,0.2,0.57,47.61,NA,NA,NA,NA,1.62,NA,26.01,0.27,18.98,117.04,121.79,26.39,0.02
Belize,NA,0.78,NA,0,6.44,0,9.23,32.97,5.82,0,3.26,0,1.22,0.01,1.13,0,0,0,0.13,1.87,0.9,NA,0,0,2.31,0,1.3,4.62,0.98,0,0,0.17,17.46,3.43,1.03,0,0.5,0.09,0.53,0,29.94,0.12,0.48,NA,0.26,42.77,NA,20.26,2.94,0.11,0.4,2.14,0.67,5.24,NA,0.21,0.17,3.51,105.23,NA,0,0,3.8,4.95,0.07,11.77,0.04,4.53,9.6,10.64,25.69,0.23,NA,0,40.4,NA,0.43,NA,0.02,0.01,2.15,4.31,2.05,0.12,41.7,NA,NA,NA,0,1.98,0.13,5.09,0.09,5.44,47.25,54.61,1.01,0.08
Benin,NA,0.01,0,0,1.46,0.2,6.84,10.31,0.29,73.79,3.42,0,117.01,0,0.1,0,0,0,0.18,0.21,0.03,NA,0.97,0,0.52,0.12,2.42,1.02,0.19,NA,0,7.14,10.78,0,0.04,2.06,8.45,0,0.07,0,38.01,0,6.21,NA,0.77,13.57,1.42,2.02,0,0.92,5.78,0,1.19,0.21,0,0.01,0,5.87,1.04,NA,5.35,0.48,0,1.3,0.02,0.74,6.36,28.92,NA,0.19,14.4,3.72,0,0,74.81,NA,0.13,NA,0.83,0,8.09,1.31,0,0.02,8.17,NA,NA,NA,0,0.02,5.02,1.36,0.03,31.35,22.99,15.43,0.29,161.41
Bolivia (Plurinational State of),NA,3.25,0,0,2.81,0.02,2.37,30.78,0.64,0.14,21.89,0.11,15.44,0,2.66,0,0,0,0,0.11,2.11,NA,0.97,0.03,0.01,0,0,7.38,0.85,0,0,0.95,10.38,0.43,1.23,0.21,0.62,0.08,0.43,2.47,40.72,0.01,1.2,NA,1.56,47.75,NA,1.42,0.01,2.46,7.89,0.16,1.12,0,0,0.04,0.03,8,31.09,NA,0,0.02,0.48,0.4,0.01,9.48,0.07,6.81,25.17,66.78,36,1.22,0,0,41.14,0,3.54,0.02,0.67,0,NA,2.21,0.01,0.38,27.05,NA,0,NA,NA,0.52,0.35,1.52,0.21,6.02,21.87,52.36,0.7,NA
Bosnia and Herzegovina,NA,21.11,0,0,12.83,3.48,3.74,73.18,18.68,0.93,9.33,0.55,0,0.2,0.48,0.04,0,0,0,0.01,6.92,NA,0,0,0.02,0.32,1.11,5.11,0.61,0,0,1.26,35.59,0.33,8.46,0,0.9,1.02,0.24,3.08,79.72,0,0.33,NA,0.18,197.24,NA,9.4,0.03,0.41,1.63,0.13,2.16,2.03,0.01,0.17,0.19,11.71,9.28,NA,0.74,0,0.57,1.93,0.05,9.41,7.61,0.44,0.57,80.32,16.7,1.09,NA,0,3.17,NA,0,1.53,NA,NA,0,1.32,0.65,0.13,18.18,NA,NA,NA,NA,4.09,0,13.32,0.02,18.59,200.56,84.35,2.16,NA
Botswana,NA,4.15,0,0,0.39,0,1.27,33.69,1.58,8.23,5.78,1.12,0,0,2.97,0.16,0,0,0,0.02,0.72,NA,0.73,1.92,0.07,0.01,0.29,1.5,0.61,0,0,0.21,17.77,0.1,0.96,0.05,0.48,0.03,0.21,0.08,41.94,0.07,0.06,NA,11.71,117.94,0.37,17.01,0.01,2.83,0.16,0.03,3.27,0.96,0,0.11,0.02,3.53,3.73,NA,0.35,0,0.16,3.17,0.04,0.73,0.01,0.26,2.83,8.2,3.39,1.5,0.01,0,12.53,NA,42.64,0,0,0.04,21.12,0.03,1.55,1.69,26.05,NA,0.01,NA,NA,8.43,0.12,25.13,0.71,5.16,34.72,43.37,2.21,0
Brazil,NA,5.13,0,0,28.61,0,13.95,62.02,3.56,0,37.05,0.54,35.22,0.06,0.42,0,0,0,0.01,9.55,2.65,NA,1.28,1.12,0.55,0,2.55,7.77,2.67,0,0,4.54,18.25,0.35,5.97,0.01,0.8,0.06,0.01,4.27,28.94,0.08,0.28,NA,0.51,143.95,NA,0,0.16,0.6,0.79,2.81,2.33,2.48,0.01,0.29,0.51,7,22.59,NA,2.43,0,0.18,0.95,0.05,13.65,0,8.71,NA,15.22,48.03,0.12,NA,0,48.48,0.08,0,0.03,0.05,0,NA,12.74,0,0.06,39.3,NA,15.58,2.33,0.01,0.36,1.31,1.08,2.02,18.94,25.03,49.21,1.66,0.58
Bulgaria,NA,7.69,0.15,0,4.98,0.68,1.54,80.83,9.27,0.02,3.89,1.14,NA,0.24,5.41,0.15,0,0,0,0.09,3.99,NA,0,0.66,0.4,0.2,1,8.62,1.83,0,0,1.95,26.04,1.37,6.52,0.44,0.5,0.13,0.15,2.16,36.75,0.91,0.33,NA,0.92,168.78,NA,3.13,0.13,1.38,1.16,0.25,4.45,0.08,0,0.34,1.94,5.42,7.48,NA,0,0,0.14,3,7.3,30.05,0.43,0.25,1.08,26.87,22.06,0.52,NA,0,2.45,NA,0,1.03,0.13,NA,NA,1.72,0.04,1.07,25.76,NA,NA,NA,2.12,6.82,0.15,8.48,0.11,29.72,55.13,82.55,12.96,0
Burkina Faso,NA,0.17,0,0,0.36,0,0,8.78,0.43,143.38,5.21,0.02,0.23,0,0.52,0,NA,0,0.28,0,0.04,NA,3.68,0,0.02,0.03,0,2.4,0.21,0,NA,1.11,4.42,0.03,0.01,0.53,16.86,0,0.03,0,77.01,0,2.13,NA,0.45,23.14,41.34,1.34,0,2.05,0.71,0,1.66,0.14,0.01,0,0,0,1.15,NA,4.79,0,0,3.8,0,2.03,0,0.41,0,0.29,2.27,14.26,0,0,35.88,0,0,0,0.96,0.04,43.01,0.01,0.73,0.32,9.03,NA,0,NA,0,0.01,5.27,2.23,0.17,2.06,12.94,13.74,0.75,3.9
CÃ´te d'Ivoire,NA,0.35,0,0,0.79,0,1.55,12.92,0.42,3.28,1.24,0.07,100.94,0,0.72,0.87,0,0,0.49,1.51,0.89,NA,0.95,0.02,0.05,0.02,0.49,2.05,0.09,0,0,2.72,7.29,0.93,0.05,0.41,5.85,0.02,0.08,0.01,20.46,0,3.94,NA,6.32,1.66,1.43,0.12,0,0.56,7.03,0.17,3.42,0.49,0.26,0.11,0,4.88,1.44,NA,7.57,0.85,0.06,10.76,0.02,1.72,1.32,0.43,50.76,1.39,2.53,0.62,0,0,98.07,0,2.69,0,0.09,0,1.56,0.03,0.02,0.28,8.87,NA,0,NA,0,0.29,1.89,1.25,0.09,5.1,26.31,25.58,2.08,194.11
Cabo Verde,NA,4.45,0.03,0,17.06,0,4.65,32.22,1.06,0.02,2.21,0,8.96,0.29,1.15,0.03,0,0,0,4.65,1.66,NA,0,0,0.49,0.05,3.13,4.82,0.38,NA,0,0.13,18.71,0.15,1.13,0,0.58,0.05,1.03,0.92,44.34,0,0.89,NA,0.22,52.57,NA,10.7,0.65,1.86,0.27,0.07,1.1,3.14,NA,2.12,0.36,11.32,4.66,NA,0.08,0,0.09,5.52,0.04,10.27,2.69,1.45,0,22.98,17.62,7.19,0,0,71.67,NA,0.04,0,0,0,NA,4.41,0.02,0.13,16.8,NA,NA,NA,NA,0.18,8.28,5.57,0.08,30.03,28.13,37.74,8.39,NA
Cambodia,NA,0.18,0,0,7.22,0,4.93,44.36,1.56,0.02,4.1,0.04,26.01,0.35,0,0,NA,0,0.74,0.53,1.19,NA,0,0.22,1.22,0,0.04,1.32,0.13,0,0,33.84,8.14,0.23,0.05,0.03,1.19,0.01,0.37,0.21,10.41,0,5.6,NA,0,3.31,0,4.52,1.12,0.01,0.24,0,1.22,0.02,0,0.01,0,0,5.87,NA,0.38,0.18,0.02,0.51,0.12,5.89,0.67,1.46,NA,0.2,2.34,0,0,0,238.03,0,2.38,0,1.7,0.01,NA,1.09,4.54,0,20.1,NA,8.43,NA,0,0.07,2.16,10.04,0.08,0.03,30.26,2.34,0.19,NA
Cameroon,NA,0.3,0,0,31.11,0.05,11.88,27.47,0.01,42.44,3.24,0.01,98.84,0,0.1,0,0,0,0.04,0.02,0.09,NA,1,0.01,1.45,0.03,4.46,0.35,0.18,0,0,1.71,8.12,0.01,0.02,2.59,9.01,0.17,0.2,0.01,50.86,0,2.32,NA,3.09,8.6,3.73,0.78,0,1.28,1.81,0,0.92,0,1.38,0.01,0.01,11.29,0.61,NA,4.87,0.24,0.29,8.12,0,1.21,1.71,12.82,45.65,6.32,3.16,7.98,0,0,36.39,0,24.45,0,1.26,0,26.56,0,0.17,2.15,8.34,NA,0,NA,0,0,12.92,0.35,0.23,46.74,63.12,23.32,0.58,13.21
Canada,NA,18.16,0.11,0,15.44,0.33,0.99,59.35,0.09,19.36,18.13,4.39,0.11,0.07,0.21,0.15,0,0,0,0.43,7.03,NA,0.02,9.09,4.18,0.36,4.85,14.17,1.47,0,0,5.19,27.31,1.12,7.61,0.05,3.52,0.8,0.59,3.15,18.93,1.05,0.14,0,0.01,161.88,NA,10.63,3.04,0.99,2.66,2.35,0.18,10.23,0.04,1.03,0.74,9.03,15.24,NA,0,0,1.48,4.99,0.15,24.46,0.18,4.63,0.53,62.92,39.02,9.18,11.41,1,12.78,NA,0.21,0.58,0.18,NA,0,0.69,1.78,0.72,32.41,NA,NA,NA,NA,0.34,0.95,59.63,0.46,19.32,73.22,83.54,10.71,0.39
Caribbean,NA,1.37,0.01,0,24.69,0.12,8.34,23.8,7.17,0.17,6.22,0.19,24.01,0.08,0.21,0.21,0.01,0.01,0.57,8.15,2.14,0,0.01,0.02,0.51,0,1.49,6.06,1.33,0,0,1.51,74.03,3.31,0.73,0.07,0.98,0.06,0.48,2.55,19.39,0.09,2.17,NA,1.75,64.17,0,2.86,0.35,0.82,0.12,0.34,2.61,0.64,0.01,0.09,0.08,5.32,8.61,NA,3.22,0.01,0.22,3.37,0.03,10.43,0.37,10.74,43.55,8.86,26.7,5.47,0.12,0,65.44,0,5.96,0,0.1,0,0.92,6.57,1.23,0.29,35.82,0,0,0.37,0.01,0.21,19.89,2.9,0.04,20.19,43.52,43.4,1.04,12.28
Central African Republic,NA,0.1,NA,0,21.78,0,0.27,5.85,0.03,10.78,19.75,0,153.05,0,0,0,NA,0,0,0,1.93,NA,0.02,0,0,0,0,0.49,1.17,0,NA,6.36,4.51,1,0,6.09,0,3.34,0.02,0.69,20.18,0,0.41,NA,4.55,16.9,1.95,0.57,0.02,5.51,0,0,4.17,0,5.32,0.01,0,0.07,5.42,0,0.14,0,0,0.94,0,3.8,0.03,3.05,7.22,0.17,2.29,8.32,0,0,6.34,0,26.37,0,1.37,0.62,5.71,0,0,0,3.19,NA,0,NA,NA,0.06,0,0.22,0.01,0.15,18.25,3.15,0.1,86.81
Central America,NA,6.1,0.22,0,9.95,0.08,9.8,51.83,2.08,0.06,12.79,0.46,1.03,0.38,0.06,0.37,0,0,0.02,0.98,1.01,NA,0.02,0.08,1.94,0.04,1.28,16.43,1.63,0,0,3.59,32.68,2.04,1.79,0.06,1.94,0.15,0.12,9.24,110.91,0.27,0.3,NA,0.51,107.79,0,1.34,0.82,0.63,1.43,0.91,4.28,0.5,0.01,0.15,0.11,8.57,28.75,NA,3.37,0,0.15,3.81,0.05,13.77,0.37,7.6,3.39,13.87,29.77,1.44,1.18,0,16.34,0,1.5,0,0.33,0.1,0.6,4.15,0.18,0.85,38.73,NA,0,0.28,0.03,0.31,0.26,9.79,0.04,17.47,41.22,33.8,0.27,0.1
Central Asia,NA,19.24,0,0,0.6,4.47,0.72,12.7,3.53,0.04,22.62,0.52,0,0.01,1.01,0.02,0,0.08,0.04,0.01,0.36,NA,4.17,1.57,0.02,0.36,0.09,6.43,1.42,0,0,1.83,26.27,0.06,24.05,0,0.5,0.19,0.15,0.16,6.22,0.18,0.15,NA,1.66,204.3,0.09,2.46,0.01,7.93,1.26,0.7,3.58,1.54,0,0.02,0.05,26.77,1.02,NA,0,0,0.33,0.44,0.06,2.74,0.04,0.11,0.01,65.14,6.74,0.03,0.38,0,11.88,0,0,0.16,0.09,0,0,0.43,0.03,0.05,15.99,NA,0,NA,0.38,6,0,3.26,1,57.81,141.91,143.55,1.6,NA
Chad,0,0,0,0,0,0,7.27,4.15,0.01,1.53,8.26,0.05,14.47,0,26.17,0,0,0,0,0,0,NA,0.3,0,0,1.18,0,0.34,1.34,0,0,7.15,6.02,0.1,0,2.83,17.07,0.07,0,0.01,14.76,0,0.01,NA,0.95,40.56,37.18,0.44,0,16.76,0,0,8.42,0,1.18,0,0,1.16,0.01,NA,0,0,NA,0.02,0,0.06,0,0,NA,2.32,0.45,2.44,0,0,16.82,0,1.56,0,2.56,0,48.52,0,0,0,8.86,NA,0,0.02,0,0,5.26,0.29,0.06,0.04,5.09,4.96,0.01,24.42
Chile,NA,11.22,0.21,0,9.32,0.67,1.19,50.43,2.39,0.02,21.23,1.51,0.02,0.64,0.99,0.04,0,0.19,0,0.1,0.76,0,0,0.07,2.15,0,1.96,10.49,0.84,0,0,1.33,18.26,0.02,5.43,0,0.92,0.34,0,3.3,20.77,0.06,0.16,0,0.62,94.62,NA,4.09,0.76,0.48,1.61,2.28,0.71,1.89,0,0.39,2.18,16.8,2.87,NA,0,0,0.38,4.78,0.02,24.47,0.04,2.06,0.36,62.88,36.36,2.05,1.38,0,13.26,NA,0,0.19,0.03,0,NA,2.01,0.19,0.13,44.64,NA,NA,NA,NA,1.62,0.9,3.15,0.88,7.33,47.68,108.68,14.36,NA
China,NA,19.78,0.69,0,6.95,0.55,0.08,31.15,5.32,1.82,5.58,0.09,1.73,0.62,0.6,3.27,0,0,0.1,0.4,0.11,NA,0.44,0.1,4.57,0.11,3.39,22.72,1.7,0,0,17.61,38.6,2.82,7.12,0.66,5.28,0.28,0.21,1.38,7.66,0.29,1.62,NA,1.25,24.05,0.5,0.19,9.98,3.25,2.94,0.13,3.99,0.1,0,0.03,0,14.33,16.56,NA,1.83,0.07,0.49,0.39,0.03,37.63,0.09,1.35,0,42.8,12.88,0.81,1.29,0,121.78,0.08,1.11,0.15,0.26,0.2,1.46,2.47,4,0.21,7.23,0,0.06,0.24,0,0.18,20.96,0.49,1.45,34.14,328.7,62.75,1.88,0
"China, Hong Kong SAR",NA,7.65,1.03,0.16,8.19,0.05,0.64,23.36,2.05,1.14,20.1,0,0.89,3.46,2.35,0.03,0,0.01,0.14,0.52,2.16,NA,0,0,13.51,0.01,7.41,18.53,0.59,0,0,14.74,27.87,0.75,2.71,1.29,1.94,0.42,0.05,3.6,4.57,0.82,13.18,NA,2.99,33.25,NA,28.19,15.32,1.36,7.9,1.63,32.82,1.21,0,0.53,0.07,1.25,15.97,NA,0,0,0.01,3.13,0.06,59.1,0.11,2.22,0,8.91,53.51,0.4,1.23,0,68.46,NA,0.32,NA,0.1,0.21,NA,2.15,2.48,0.39,26.53,NA,0,NA,0,0.2,0.16,26.39,1.58,2.49,126.11,56.5,4.87,0
"China, Macao SAR",NA,4.83,0.79,0,5.91,0.15,0.8,23.89,4.28,5.67,13.21,0,0.65,2.59,2.13,0.06,NA,0,0.02,0.5,2.13,NA,0.01,0,11.97,0.03,0.72,18.17,1.8,0,0,14.33,17.77,1.61,2.38,0.91,1.95,0.13,2.19,1.21,0.39,1.4,14.22,NA,1.72,31.61,0,37.42,11.95,0.72,2.4,1.07,6.01,1.21,0,0.61,0.15,7.37,7.54,NA,0.19,0,0,0.56,0.36,53.02,0.03,1.49,0,10.45,34.47,0.28,6.05,0,57.15,NA,3.69,0,0.12,0.26,0,2.61,3.85,0.55,16.95,NA,1.25,NA,0,0.08,0.64,75.5,1.38,6.92,120.29,49.78,9.21,0.42
"China, mainland",NA,20.07,0.7,0,6.86,0.55,0.05,31.22,5.36,1.83,5.51,0.08,1.76,0.53,0.59,3.31,0,0,0.09,0.39,0.09,NA,0.45,0.1,4.54,0.11,3.37,22.89,1.71,0,0,17.83,38.54,2.85,7.16,0.66,5.35,0.27,0.21,1.37,7.67,0.29,1.54,NA,1.26,23.9,0.51,NA,10,3.3,2.87,0.1,3.88,0.08,NA,0.03,0,14.55,16.63,NA,1.81,0.07,0.48,0.33,0.03,37.5,0.09,1.03,0,43.62,12.33,0.82,1.31,0,122.93,0.08,1.1,0.15,0.26,0.2,1.5,2.23,3.9,0.19,6.79,NA,0,0.24,NA,0.17,21.36,0.3,1.45,34.79,333.54,63.03,1.88,NA
"China, Taiwan Province of",NA,6.26,0.36,0,11.92,0.91,1.59,29.39,3.87,1.39,5.02,0.75,0,4.84,0.6,2.01,0.01,0,0.2,0.92,0.27,NA,NA,0,3.44,0.01,3.57,13.96,1.27,0,0,5.53,45.73,1.51,6.14,0.26,2.11,0.37,0.25,1.02,7.85,0.24,2.56,NA,0.05,29.84,0.11,2.15,6.64,0.92,5.36,0.86,1.93,0.57,0.05,0.19,0.13,5.57,12.49,NA,3.74,0.01,0.84,3.11,0.13,38.41,0.14,20.36,NA,4.99,33.17,0.23,NA,0,70.69,NA,2.21,NA,0.17,0.42,NA,17.01,10.24,1.04,27.47,0,3.62,NA,0.1,0.75,3.69,2.2,1.49,5.81,106.37,48.1,0.78,0.09
Colombia,NA,2.15,0,0,37.45,1.37,1.92,46.65,1.75,0.03,14.68,0.45,37.71,0.1,0,11.14,0,0,0,2.43,0.07,NA,0.07,0.02,0.16,0,0.14,12.79,0.81,0,0,3.39,43.17,0,1.37,0,0.6,0.07,0.21,3.11,33.35,0.01,0.54,NA,0.12,121.81,NA,1.01,0.08,0.15,1.49,1.19,2.72,3.09,0,0.04,0.02,12.3,7.89,NA,7.25,0.37,1.78,2.76,0.01,8.95,NA,16.46,55.42,33.29,31.99,1.81,0.04,0,55.22,NA,2.53,0,NA,0.02,0.02,3.56,0.5,0.53,34.36,0.44,0,24.68,NA,0.42,NA,15.63,0.02,15.44,20.98,36.33,0.39,5.6
Congo,NA,0.48,0,0,14.6,0,1.77,60.16,0.5,0.08,2.81,0.06,268.71,0.16,0,0.01,0,0,0,0.63,0.17,NA,0,0.03,0.12,0.01,10.03,0.56,0.05,0,0,8.34,14.87,0.82,0.03,0.61,2.95,0.01,0.27,0.95,3.41,0,2.08,NA,9.3,1.18,NA,1.85,0.06,0.35,0.02,0.2,3.73,0.08,0.65,0.02,0.04,3.13,0.92,0,6.96,0,1.17,8.55,0.02,6.12,0.01,0.7,15.65,1.56,21.53,0.01,0.01,0,30.61,0,10.45,0,0.05,0,NA,0.27,0.01,0.02,16.85,NA,0,NA,NA,0.27,1.28,0.18,0.04,3.49,24.65,42.44,0.05,2.85
Costa Rica,NA,3.59,0.01,0,0.01,2.61,11.07,14.42,6.76,0.12,13.58,1.46,1.38,0.36,0.01,0.05,0,0,0.02,0.91,4.3,NA,0,NA,1.28,0.01,0.57,10.51,0.66,0,0,6.74,30.85,3.75,2.72,0,1.15,0.27,0.38,7,14.21,0.12,0.65,NA,0,172.63,NA,0,0.66,0.01,0.55,0.87,1.61,0.86,0,0.32,0.13,6.65,22.5,NA,6.59,0,0.08,8.21,0.31,13.44,0.03,44.38,17.09,15.17,26.52,0.43,NA,0,63.46,NA,3.75,NA,NA,0.07,NA,11.02,1.7,0.25,47.94,NA,NA,2.04,0.15,0.92,0,3.82,0.11,12.64,22.08,38.92,2.24,1.43
Croatia,NA,9.44,0.01,0,13.77,1.06,0.62,84.22,3.57,0,12.31,1.57,NA,2.94,0.71,0.12,0,0,0,0.35,4.95,NA,0,0,0.87,0.07,4.19,8.06,3.11,0,0,1.29,14.92,0.5,16,0,1.16,2.2,NA,3.07,8.18,2.03,0.08,NA,1.11,242.15,NA,NA,0.55,1.52,1.55,0.07,3.85,0.42,0.22,0.74,5.08,8.8,10.47,NA,0,0,0,8.82,0.1,49.58,0.17,1.02,0.11,36.84,10.77,0.14,NA,0,2.54,NA,0,0.73,0.09,0,NA,0.44,0.01,0.21,36.02,NA,NA,NA,NA,4.11,0,24.72,0.06,13.6,232.72,104.36,13.78,NA
Cuba,NA,0.36,0,0,21.44,NA,13.99,25.11,8,0.06,6.6,0.24,34.39,0.04,0.03,0.2,0,0,0,4.52,1.11,NA,0,0,0.21,0,0.8,8.89,1.79,0,0,2.44,59.85,1.73,0.45,0.06,0.34,0.07,0.03,0.76,33.5,0,0.39,NA,5.41,94.55,NA,1.3,0.36,1.18,0.01,0,2.46,0.21,NA,0.02,0.06,8.77,3.52,NA,0.07,0,NA,1.45,0,18.56,0.01,3.42,60.89,12.25,23.72,5.15,NA,0,73.81,NA,10.53,0,0,0,NA,7.17,4.08,0.13,52.9,NA,0,NA,0,0.14,24.6,0.45,0,45.96,86.73,60.42,1.61,5.32
Cyprus,NA,10.13,0.02,0,9.35,0,1.08,30.87,2.5,1.01,6.72,0,0.04,4.55,0.42,0.73,0,0.03,NA,0.14,2.9,NA,0.06,0,2.44,0.12,5.21,7.87,0.38,0,0,4.9,18.56,6.01,4.87,0.02,1.86,0.64,1.16,5.75,2.62,0.55,0.73,NA,1.25,113.33,NA,19.18,3.1,5,2.44,0.41,2.17,1.35,0,2.12,1.96,4.27,26.54,NA,NA,NA,0.09,4,0.09,34.77,0.03,1.8,1.03,23.11,25.08,1.72,0.76,0,5.15,NA,1.03,0.04,1.24,0.03,NA,3.19,0.07,0.29,19.05,0,0,0.01,0.15,8.26,0.07,38.09,0.33,21.12,75.82,88.13,12.81,NA
Czechia,NA,12.07,0.01,0,11.02,0.13,0.17,147.72,12.67,1.04,10.34,4.07,NA,0.04,1.19,0.33,0,0,NA,0.2,2.12,NA,NA,5.39,0.37,0.16,2.55,8.63,6.09,0,0,2.5,13.04,0.76,5.86,0.13,0.68,0.84,0.54,3.09,0,0.01,0.81,NA,4.34,190.93,NA,1.37,0.12,0.32,0.83,2.29,2.33,0.05,0,0.46,0.72,9.18,10.74,NA,0,NA,1.17,2.93,0.07,45.82,0.3,1.69,0.27,59.05,21.96,0.64,12,0,6.91,NA,0,5.43,NA,NA,NA,1.43,0.05,0.18,35.82,NA,NA,NA,NA,3.05,0.04,29.54,0.21,10.31,59.24,83.04,9.82,NA
Democratic People's Republic of Korea,NA,30.43,0.01,0,0.3,0.43,10.84,1.91,6.93,0,0.79,0.01,0,1.25,0,0,NA,0,0,NA,0.14,NA,0.17,0,0.52,0,4.26,4.6,NA,0,0,0.38,28.94,0,0.02,0,0.02,NA,0.01,0.01,41.29,1.17,4.07,NA,6.06,3.1,1.84,0.68,0.66,0.57,0.42,0,0.65,0,NA,0,0,3.29,0.76,NA,0.36,0,NA,0.25,0,4.64,NA,0.01,0,48.2,1.62,0,NA,NA,110.64,0.5,NA,0,NA,0,1.16,5.44,2.03,NA,3.41,NA,0,NA,NA,0.03,13.33,0.22,NA,2.32,120.6,21.41,0.01,NA
Denmark,NA,1.84,0.02,0,11.95,0.04,0.12,64.85,3.55,0.14,25.38,2.59,NA,0.05,0.04,0.73,0.01,0,0,0.32,7.08,NA,0,11.65,5.24,0.57,4.96,15.79,6.08,3.57,0,0.73,23.77,0.48,6.59,0,0.91,0.65,0,2.21,3.65,0.13,0.06,NA,1.35,307.03,NA,NA,1.26,0.9,2.19,5.13,6.44,0.47,0.02,1,0.67,9.71,8.77,NA,0,0,0.38,10.41,0.17,14.21,0.12,2.84,0.09,59.87,28.98,0.21,0,0,4.58,NA,0,23.46,NA,0.16,NA,0,0.15,1.19,42.38,NA,0,NA,NA,0,0,12.26,0.75,12.78,78.41,92.47,25.48,0
Djibouti,NA,0.06,0,0,1.88,1.06,2.42,2.55,0.43,0.01,6.73,0,NA,0,0.08,0,0,0,0.29,0,0.84,NA,0,0,0.07,2.56,0.71,1.1,0.5,0,NA,0.02,17.87,0,0.27,0,0.15,0.02,0.43,3.71,0.36,0,0.28,NA,0.75,25.1,NA,9.78,0.02,4.8,0.35,0.65,2.22,2.45,NA,0.13,0.02,16.82,1.54,NA,9.23,0.09,9.69,2.59,0.31,0.08,0.58,0.36,0,16.01,2.68,1.47,0,0,45.88,NA,0.07,NA,0,0,2.75,1.18,0,0.41,33.16,NA,NA,NA,NA,0.56,0,3.07,0.28,15.87,51.56,124.14,0.27,0
Dominica,NA,0.43,0,0,54.17,3.89,1.22,7.37,8.92,0.85,8.46,0,7.13,0,0.05,0.65,0,1.54,2.06,21.63,3.22,NA,0,0,0.6,NA,2.54,2.46,0.63,NA,0,1.72,38.63,172.16,1.27,0,0.23,0,0.01,17.85,5.96,0,2.76,NA,0.13,87.45,NA,13.33,0,0.97,0.07,1.07,2.41,1.49,NA,0,0,3.36,73.85,NA,0,0,0.14,20.45,0,10.27,0,2.61,20.13,9.98,35.19,3.1,0,0,12.71,NA,54.74,0.01,NA,NA,NA,3.64,0.01,2.99,39.71,NA,0,NA,0,0.32,8.67,23.06,0.28,4.87,83.49,43.58,1.48,54.9
Dominican Republic,NA,3.2,0.01,0,39.64,0,5.73,46.51,3.35,0.1,8.68,0.41,14.54,0.14,0.13,0.01,0.03,0,0.79,17.47,2.2,NA,0,0,0.51,0,3.23,10.17,1.36,0,0,1.53,125.38,0.61,1.19,0.14,0.23,0.03,1.07,2.71,5.51,0.26,0.69,NA,0.02,96.57,0,0.37,0.29,0.21,0.17,0.18,4.05,0.44,0.02,0.22,0.18,5.66,11.87,NA,8.1,0,0.14,3.17,0.03,11.08,0.05,31.98,74.41,8.6,35.26,3.41,0.44,0,75.18,NA,2.74,0,0.03,0,NA,9.64,0.03,0.3,31.63,0,0,NA,NA,0.4,3.48,1.99,0.04,17.2,20.34,28.25,0.69,2.51
Eastern Africa,NA,0.23,0,0,21.42,4.51,9.54,10.31,0.5,17.74,5.02,0.13,53.38,0.02,9.58,0.34,0.04,0.01,0.16,1.36,0.8,NA,0.18,0.07,0.09,0.03,0.17,0.92,0.27,0,0,3.92,11.07,0.09,0.06,0.15,2.53,0.28,0.02,0.23,60,0.23,0.94,NA,0.96,35.25,3.41,0.52,0.02,1.1,0.55,0.01,1.19,1.12,0.08,0.01,0,3.82,2.55,NA,2.37,0.06,1.44,0.5,0.04,1.6,0.84,2.63,14.23,17.2,1.82,7.53,0.06,0,24.83,0,15.06,0,0.2,0.16,8.66,0.54,0.63,0.14,10.77,NA,0.34,0.1,0.38,1.03,35.98,1.27,0.45,4.14,20.67,24.42,0.1,2.47
Eastern Asia,NA,18.23,0.67,0.86,6.83,0.56,0.33,30.85,5.66,2.96,6.13,0.17,1.52,1.01,0.61,2.9,0,0,0.13,0.35,0.41,NA,0.4,0.08,4.58,0.1,4.14,21.79,1.58,0.02,0,15.86,35.86,2.53,6.49,0.58,4.73,0.28,0.18,1.25,8.79,0.32,1.88,NA,1.22,26.48,0.48,0.45,9.47,2.96,2.73,0.12,3.81,0.35,0,0.06,0.01,14.28,15.48,NA,1.78,0.06,0.44,1.84,0.03,35.82,0.09,1.35,0,40.07,13.24,0.75,1.71,0,118.26,0.1,1.13,0.13,0.27,0.19,1.3,2.78,4.32,0.27,8.24,0.2,0.05,0.21,0,0.19,18.94,1.75,1.34,30.69,300.21,60.43,1.88,0.08
Eastern Europe,NA,14.38,0.03,0,7.76,1.87,0.34,63.79,6.26,1.38,9.76,2.67,0,0.41,1.4,0.06,0,0.39,0,0.1,1.68,0,0,3.1,0.39,0.12,5.03,13.74,1.49,0,0,3.91,19.57,0.78,3.31,0.02,0.86,0.37,0.18,1.75,6.72,0.12,0.16,NA,2.35,168.87,0.36,0.86,0.38,1.05,0.77,2.36,3.1,2.78,0.01,0.15,0.62,16.12,8.2,NA,0.06,0,1.34,4.78,0.24,31.34,0.29,0.77,0.47,106.7,27.5,0.52,1.4,0,5.79,NA,0,8.54,0.04,0,0.13,0.78,0.1,0.17,37.51,NA,0,NA,0.05,8.2,0.02,29.37,0.69,29.14,80.03,117.41,7.64,0
Ecuador,NA,3.7,0.37,0,12.65,0.06,0.11,35.86,0.78,0,12.61,0.11,4.65,0.02,0.04,1.12,0,0,0,0.26,0.04,NA,0,0.16,0.96,0,2.48,7.78,1.17,0,0,1.11,22.5,0.26,1.01,0,1.58,0.05,0.39,1.96,41.33,0.03,0.06,NA,0.06,107.93,NA,1.33,0.01,0.2,0.18,3.8,2.48,0.93,NA,0.09,0.05,0,9.84,NA,8.06,0,0.21,3.14,0,13.04,0,3.88,33.69,20.38,19.31,1.45,NA,0,60.09,0,0.37,0,0.01,0,NA,4.61,0,0.2,18.59,NA,0,0,0.05,1.82,0.19,0.94,0.04,4.86,23.31,62.79,0.48,NA
Egypt,NA,9.38,0,0,11.46,0.13,0.33,0.98,0.04,0,10.76,0.48,0,0.06,0,0.05,0,0,0.05,0.05,0.3,NA,0,0.58,0.24,14.7,4.76,3.45,0.28,0,0,14.11,20.95,0,14.78,0.17,1.06,0.04,0.1,2.87,61.03,0.42,0.15,NA,1.25,41.22,0,0.17,0.06,1.31,0.4,0.02,4.74,0.49,0,0.19,8.06,17.46,29.48,NA,0,0.13,0.14,4.32,0.07,0.01,0.55,0.06,0.03,36.7,12.96,4.12,NA,0,52.87,NA,0.69,0,0.6,NA,2.35,2.63,0,0.35,25.54,NA,30.41,NA,NA,1.66,2.86,1.31,1,66.88,74.99,145.72,0.05,NA
El Salvador,NA,3.41,0,0,9.98,0,16.95,21.4,3.29,0.04,6.31,0.1,6.3,0.06,0.1,0.02,0,0,0.17,14.82,2.98,NA,0,0.07,0.43,0,0.05,8.73,1.12,0,0,1.36,20.83,0.01,1.09,0,0.44,0.05,0.61,2.34,73.77,0.04,0.15,NA,0,101.26,NA,6.25,0.03,0.02,0.18,0.28,0.92,2.56,0,0.52,0.05,6.06,15.17,NA,0,0,0,4.55,0.02,3.76,0.05,0.42,15.69,13.41,20.43,0.03,0,0,14.67,0,6.2,0,0.13,0.01,11.22,1.64,0.84,0.08,37.89,NA,NA,0,0.05,0.35,0.12,2.92,0.09,17.09,61.1,35.86,0.37,0
Estonia,NA,17.21,0.01,0,14.72,9.99,3.03,92.76,19.8,0,7.44,4.27,NA,0.15,1.4,0.1,0.01,0,0.1,0.03,4.06,NA,0,5.05,2.95,0.09,7.35,12.69,0.07,0,0,1.36,19.72,1.22,2.12,0,0.25,0.87,0,1.99,8.93,0.28,0,NA,0.11,357.43,NA,3.1,0.6,0.46,1.83,4.79,3.01,3.56,NA,0.43,0.44,6.84,13.35,NA,0,0,NA,2.3,0.24,34.36,0.44,1.73,0.14,66.91,21.26,0.01,2.48,0,2.5,NA,NA,20.83,NA,0,NA,0.02,0.1,0.5,17.15,NA,NA,NA,NA,0.3,0.01,31.32,0.32,13.91,81.6,82.71,15.38,NA
Eswatini,NA,3.61,0.02,0,1.57,NA,2,15.01,0,50.01,16.97,0.21,0,0.03,0.51,0.71,0,0.03,0.01,0.01,0.25,NA,0.09,NA,0.03,0.3,1.41,1.68,0.88,0,0,0.26,12.14,17.63,0.55,0.05,2.79,0,0,0,67.66,0,1.23,NA,0.27,41.85,NA,7.13,0.02,2,0.95,0.08,2.79,0.2,0,0.06,0.01,4.5,22.68,NA,0.07,NA,0.08,0.91,0.03,1.91,0,31.9,NA,11.74,6.46,1.73,0.07,0,43.97,NA,42.92,NA,0,0,1.61,0.58,0.16,1.69,21.32,NA,NA,NA,0.07,2.34,1.98,12.53,0.41,6.38,16.5,43.58,1.26,NA
Ethiopia,NA,0.02,0,0,4.66,15.59,2.83,10.8,0.01,6.92,3.52,0.01,NA,0,32.59,0.03,0,0,0,0,2.05,NA,0.05,0,0,0,0,0.43,0.18,0,0,0.42,3.31,0,0.04,0.02,1.03,0.44,0.01,0.06,41.55,0,0,NA,1.09,30.86,7.85,0.12,0,0.64,0.58,0,1,0.78,0.16,0,0,3.19,0.29,NA,2.3,0,3.74,0.02,0.04,0.02,2.74,0.11,NA,6.64,0.13,15.28,0.15,0,4.63,0,49.51,0,0.06,0.02,21.91,0.04,0.4,0.32,8.31,NA,0,NA,0,0.02,17.56,0.78,0.09,0.09,10.07,35.64,0.02,8
Europe,NA,13.22,0.02,0,9.85,1.4,0.63,63.32,4.64,1.58,14,3.31,0,0.83,1.11,0.22,0,0.15,0.01,0.16,3.78,0,0.02,3.72,1.76,0.19,7.17,12.48,1.54,0.05,0,3.92,23.85,0.91,6.97,0.16,1.07,0.6,0.24,2.5,7.08,0.39,0.38,NA,1.84,215.96,0.16,2.61,2.08,1.75,2.96,2.07,2.9,2.01,0.04,2.34,1.28,11.66,16.69,0,0.4,0.02,1.08,5.29,0.16,35.75,0.22,1.91,0.42,79.5,24.59,0.95,2.31,0,6.63,0,0.02,5.4,0.06,0.03,0.05,2.34,0.21,0.3,35.84,0,0,NA,0.1,5.89,0.07,17.08,0.57,27.29,77.46,109.54,17.98,0.03
Fiji,NA,3.22,0.03,0,4.19,0,0.41,24.45,1.39,0.01,5,3.6,39.13,0.19,0.4,0.02,0.02,0,3.77,61.78,1.12,NA,0,0,1.05,0.13,3.5,3.92,0.67,0,0,0.21,14.38,0.04,1.3,0.02,1.16,0.23,0,0.02,0.24,0.04,9.47,NA,0.11,25.46,NA,3.78,2.62,6.03,0.23,0.44,2.4,1.54,0,0.1,0.02,10.39,1.91,NA,0,0.06,8.78,17.78,0.21,4.68,0.03,6.43,NA,28.88,28.02,2.13,0.92,0,66.08,NA,33.15,NA,0.01,0.04,NA,6.05,0.97,0.47,22.23,NA,NA,NA,0.01,0.15,8.9,119.68,0.69,2.7,44.28,81.09,1.33,4.81
Finland,NA,8.33,0,0,18.08,5.35,0.02,82.23,4.09,0.49,19.05,4.72,NA,0.05,0.73,0.54,0,0,0,0.02,11.71,NA,0,6.38,1.62,0.21,3.13,8.74,0.29,0,0.01,17.69,19.01,0.48,4.83,0,1.03,0.51,1.17,1.25,NA,0,1.23,NA,1.01,457.7,NA,16.29,0.2,0.56,1.01,4.7,2.41,3.91,0,0.53,0.58,6.71,14.08,NA,0,0,1.1,9.7,0.09,37.31,0.07,3.16,0.02,60.38,18.76,0.04,0.05,0,4.55,NA,0.01,18.44,0.08,0.01,NA,0,0.2,0.2,28.75,NA,NA,NA,NA,0.93,0.39,11.14,0.26,13.53,63.94,80.4,12.05,0
France,NA,9.36,0.02,0,5.94,0.38,0.64,27.62,2.31,7.98,23.15,7.39,NA,0.92,0.18,0.09,0,0,0,0.18,5.26,NA,0.01,5.44,3.79,0.29,12.83,11.53,1.76,0.3,0.02,3.96,29.53,1.09,13.25,0.13,1.18,0.56,0,2.24,11.31,0.64,0.12,NA,1.37,260.11,NA,3.62,5.38,2.84,3.95,0.81,5.68,0.27,0,1.78,1.27,6.46,27.38,NA,0.47,0,0.28,7.38,0.08,32.78,0.05,2.57,0.3,50.8,22.9,0.95,3.14,0,7.8,NA,0.02,0.43,NA,0.09,NA,4.02,0.17,0.18,38.78,NA,NA,NA,NA,5.82,NA,9.93,0.26,21.71,68.49,111.09,40.65,0.06
French Polynesia,NA,2.98,0.23,0,0.71,0.38,0.02,54.16,0.8,0.17,25.01,0,9.21,0.22,0.14,2.06,0,0,0.11,41.82,1.65,NA,0,0,1,0.03,1.16,7.31,0.42,0,NA,1.12,34.76,1.49,1.12,0.41,0.52,0.43,1.9,0.05,0.03,0,13.67,NA,1.43,39.85,NA,42.36,3.67,3.1,0.55,0,3.73,1.93,0,0.99,0.07,0.09,5.23,NA,NA,NA,0,26.4,0.03,19.14,0,10.62,NA,22.87,47.4,1.95,0.04,1,34.45,NA,16.01,NA,0.01,0.01,NA,0.38,0.15,0.12,19,NA,9.24,NA,0,9.25,NA,19.54,0.07,5.99,49.54,68.8,8.65,NA
Gabon,NA,1.55,0,0,8.08,1.18,0,80.88,1.05,0.15,6.34,0,76.04,0.17,0,0.6,0,0,0.01,0,0.16,NA,0,0,0.09,0.03,8.16,0.96,0.15,0,NA,5.85,9.03,0.04,0.31,0.01,11.16,0.01,1.1,0.07,14.1,0,2.34,NA,14.85,13,NA,5.4,0.01,0.69,0.07,0.08,7.89,1.62,NA,0.07,0.04,3.07,1.76,NA,3.97,0,0,14.31,0.01,7.99,0,0.62,101.72,1.27,29.33,0.19,0,0,50.36,NA,20.02,0,0,0,NA,0.59,0,0.01,14.62,NA,1.71,NA,0,0.35,1.77,2.51,0.13,3.46,26.33,59.19,2.72,63.6
Gambia,NA,0.3,NA,NA,0,0,0.03,1.39,0.02,18.54,2.65,0,4.85,0.2,0.63,0,NA,0,NA,0.01,0.11,NA,0,0,0.41,0.22,4.66,1.41,0.08,0,0,0.58,5.45,0,0.01,3.6,20.99,0,0.12,0,15.1,0,0.52,NA,0.69,33.83,33.37,6.77,0.06,0.67,0.63,0.01,0.57,1.22,NA,0.01,0.01,NA,0.14,NA,10.61,0,0.01,21.1,0.01,0.27,0,0,NA,1.14,3.53,0.86,0,0,57.99,NA,0.02,0,0.82,NA,10.76,0.01,0.01,0.01,26.83,0,NA,NA,NA,0.02,0.03,2.09,1.8,2.48,14.78,35.92,0.01,NA
Georgia,NA,2.55,0,0,5.4,7.1,NA,16.51,3.58,0.08,5.94,1.06,0.01,0.01,4,0,NA,0,0.09,0.03,2.31,NA,0,0.42,0.04,0.12,0.74,6.11,1.39,0,NA,1.18,13.51,0.19,6.69,0,0.6,0.6,0.26,0.8,21.26,0.23,1.59,NA,0.14,137.93,NA,9.31,0.15,0.78,1.98,0.77,1.83,2.93,NA,0.03,0.33,6.36,8.93,NA,0,0,NA,4.33,0.05,9.7,0.08,0.34,0,45.57,15.27,0.03,0.01,0,2.34,NA,0,0.02,0.01,0,NA,0,0.01,0.17,38.72,NA,NA,NA,NA,4.82,0,0.88,0.6,17.75,25.66,154.22,10.59,NA
Germany,NA,13.68,0.02,0,12.35,0.25,0.1,98.95,7.66,0.35,14.91,5.47,NA,0.26,0.12,0.36,0.01,0,0,0.17,6.21,NA,0,6.61,0.88,0.18,3.95,11.22,0.59,0,0,4.42,17.54,0.68,10.09,0.01,1.35,1.03,0,2.01,10.44,0.15,0.36,NA,2.13,267.52,0.12,0,0.38,0.82,3.59,1.22,1.41,0.56,0.11,0.75,0.83,7.62,8.7,NA,0,0,0.38,2.49,0.2,50.45,0.19,2.56,0.02,67.38,19.47,0.31,5.14,0,4.72,NA,0,9.31,NA,0,NA,4.98,0.5,0.41,36.25,0,NA,NA,0,3.69,NA,10.02,0.37,14.05,73.69,87.72,20.8,0
Ghana,NA,0.39,0,0,0,0,5.91,5.53,1.11,9.22,1.01,0,231.61,0.12,0.18,0,0,0,0.31,6.83,0.01,NA,0,0,0.03,0.01,1.57,1.2,0.15,0,0,5.1,8.52,0.01,0.08,1.97,6.24,0,0,1.6,25.27,0,0.71,NA,2.69,7.11,4.36,2.82,0,1.72,0.62,0.01,1.56,1.07,0.44,0.02,0,6.12,21.54,NA,2.23,0.44,0,17.98,0.12,1.08,3.88,20.12,125.17,0.15,7.24,0.76,0.02,0,40.92,NA,27.9,0,0,0,5.33,0.13,0.02,0.04,12.21,NA,4.79,NA,NA,0.03,4.48,1.62,0.08,13.8,8.75,31.52,0.2,155
Greece,NA,4.79,0.01,0,12.02,0.2,2.48,36.35,1.03,0.11,15.7,1.08,NA,3.64,1.08,0.01,0.01,0,0,0.07,3.79,NA,0.39,2.43,1.64,0.08,6.74,8.6,0.49,0,0,1.97,41.84,0.78,26.25,0.34,0.55,1.59,1.13,7.16,1.79,2.36,0.49,NA,2.19,227.79,NA,NA,0.6,9.24,12.65,0.43,3.69,3.83,0,15.87,13.42,11.23,25.62,NA,0,0,0.08,4.35,0.09,29.24,0.11,1.32,0.06,59.04,15.32,2.25,NA,0,4.09,NA,0,0.28,1.13,0.4,NA,1.04,0.05,0.25,27.24,NA,NA,NA,NA,4.66,0.27,4.79,1.06,50.79,87.92,130.06,5.85,NA
Grenada,NA,5.18,0.02,0,18.63,2.57,1.03,20.26,8.51,0.46,3.17,0,1.85,0,0.02,9.87,0.32,1.01,3.33,14.17,0.11,NA,0.04,0,1.15,NA,5.65,9.69,1.34,0,0,0.09,56.5,13.83,0.56,NA,0.27,0,0.21,2.96,5.48,0,2.52,NA,0.65,28.55,NA,13.31,0.25,1.23,0.15,0.71,1.33,2.82,0,0.1,0,2.33,7.29,NA,1.68,NA,0.89,17.44,0.09,8.64,0.87,0.23,1.12,9.91,45.7,4.82,0.05,0,11.64,NA,6.84,0.03,0,0,NA,2.28,0,2.05,36.81,NA,NA,NA,NA,0.15,0.51,20.4,0.03,3.16,32.41,59.97,3.65,4.22
Guatemala,NA,1.81,0,0,4.88,NA,12.45,13.28,2.07,0.06,10.77,0.16,0.76,0.01,0,2.45,0,0,0,1.04,2.5,NA,0,0.4,0.26,0,0.02,13.49,0.32,0,0,0.53,20.07,0.01,1.65,0.01,1.37,0.21,0.32,6.63,89.48,0,1.04,NA,0.15,40.53,NA,NA,0.03,0.13,1.82,0.98,1.5,1.22,0.1,0.07,0.03,6.14,12.96,NA,1.54,0,0.03,0.7,0.05,4.76,0.06,8.23,3.01,11.48,20.58,2.69,NA,0,8.89,NA,0,0,2.02,0.15,0.84,4.31,0.25,0.26,48.42,NA,0,0,0.03,0.75,NA,0.15,0.14,14.81,32.36,39.14,0.24,NA
Guinea,NA,0.05,0,0,13.58,0,0,3.32,0.04,0,6.5,0.04,97.46,0,9.2,17.15,NA,0.16,0.13,2.04,0.91,NA,0,0,0,0.01,1.67,1.86,0.2,0,NA,2.07,14.06,0,0,7.25,8.61,0.07,0.15,0.07,10.16,0,0.2,NA,0.51,16.62,0.62,2.46,0,1.79,0.01,0,1.91,0,NA,0,0,6.04,0.11,NA,7.12,0.4,0,6.15,0,0.17,0,9.97,34.63,4.96,4.08,4.43,0,0,152.75,0,7.46,0,0.02,NA,0.4,0.03,0,0,12.33,NA,0,NA,NA,0.05,14.71,2.69,0.28,1.05,42.91,22.04,0.14,8.57
Guinea-Bissau,NA,0.2,NA,NA,3.5,0.9,0.29,5.73,0.78,8.13,3.87,0,27.35,0.07,1.36,0.04,0,0,0.19,0,0.02,NA,0.01,0,0.03,NA,0.3,0.81,0.33,0,NA,0.08,16.15,0,0.02,4.84,2.45,0.08,0.14,2.07,3.31,0.02,0.38,NA,0,17.09,3.49,4.03,0,1.38,3.5,0,1.65,0.76,NA,0.03,0.07,2.82,3.45,NA,4.63,2.13,NA,0.44,0,9.88,0,0.33,23.92,0.36,2.16,1.65,NA,0,136.54,NA,35.57,0,NA,NA,8.01,1.35,0,0.01,2.65,NA,NA,NA,NA,0.09,NA,3.42,0.11,0.06,15.56,15.01,4.57,NA
Guyana,NA,1.19,NA,NA,15.82,0.04,0.09,33.36,0,0,3.37,0,4.22,NA,0.12,1.29,0.01,0,0.76,29.86,0.98,NA,NA,0,13.18,0.04,1.74,1.86,0.37,0,0,0.89,38.78,1.44,0.67,0,0.93,0.14,0.48,5.41,2.27,0.1,11.14,NA,0.04,84.71,NA,5.82,0.01,1.1,0.78,0.03,0.69,3.27,NA,0.07,0.02,8.63,10.42,NA,0.08,NA,4.49,3.52,0.23,2.37,0,19.24,9.53,13.15,38.34,2.42,NA,0,114.21,NA,14.24,0,0,0,NA,0.68,1.72,3.23,29.45,NA,NA,NA,0.01,0,0.89,28.32,0.35,33.7,230.13,58.64,0.15,0.44
Haiti,NA,0.16,0,0,17.87,0,8.43,0.08,10.89,0.21,4.1,0.02,33.35,0.01,0,0,0,0,0,1.83,3.4,NA,0.01,0.01,0.05,0,0.19,0.47,0.33,0,0,0.61,63.78,2.16,0.03,0,2.14,0.03,0.11,2.1,23.08,0,1.42,NA,0.39,7.84,NA,2.84,0.02,0.58,0,0.15,1.37,0.03,NA,0,0,1.89,7.32,NA,3.41,0,0.11,2.24,0,3.63,NA,0.64,13.53,2.65,8.91,9.41,0,0,65.49,0,3.76,0,0.31,0,3.21,4.19,0,0.02,16.05,NA,0,1.29,NA,0.18,37.6,1.39,0,3.01,13.25,28.12,0.22,25.32
Honduras,NA,1.73,0,0,11.22,0.01,13.16,16.99,2.28,0.01,6.84,0.79,2.05,0,0.47,0.07,0,0,0.07,1.23,4.4,NA,0.03,0,1.52,0.03,0,4.34,0.51,0,0,0.37,15.76,2.52,0.56,0,0.17,0.03,0.06,4.24,82.17,1.02,0.36,NA,0,85.04,0,6.48,0.07,0.03,0.26,0.55,1.42,1.11,0,0.05,0.03,2.83,16.6,NA,8.84,NA,0,0.82,0.03,4.49,0,0.56,11.29,3.92,21.73,0,NA,0,21.73,NA,0.43,0,NA,0.03,0.94,0.52,0.05,0.09,41.46,NA,NA,0,0.05,0.09,0.01,14.71,0.02,3.49,18.77,27.8,0.22,NA
Hungary,NA,16.94,0.01,0,3.47,0.12,0.65,67.72,6.89,1.46,4.19,1.09,0,0.05,0.85,0.26,0,0,NA,0.15,1.39,NA,NA,11.32,0.16,0.13,1.28,13.61,3.82,0,0,3.1,18.86,0.28,0.27,0,0.3,0.4,0.06,1.13,0.05,0.91,0.18,NA,0.3,190.82,NA,0,0.13,0.14,0.28,0.77,0.08,0.17,0.05,0.25,0.16,6.23,3.75,NA,0,0,1.87,1.41,0.1,49.82,1.84,0.56,1.61,46.65,25.27,0.39,2.53,0,6.27,NA,0,1.15,0.1,0,NA,0.39,0.02,0.81,19.03,NA,0,NA,NA,6.79,0.01,19.53,0.19,20.14,60.62,107.07,27.39,NA
Iceland,NA,14.6,0.05,0,10.96,NA,0.53,77.51,2.33,1.27,15.12,6.25,NA,0,0,0.31,0,0,0.87,0.38,8.62,NA,NA,10.55,16.62,0.75,25.47,10.93,1.32,0,0.5,4.85,30.91,0.67,5.55,0.01,0.81,0.34,0.29,2.71,NA,0.04,0,NA,3.25,255.76,NA,27.29,0.66,21.92,1.48,3.55,4.39,0.86,NA,0.96,0.77,6.06,15.01,NA,NA,NA,0.06,43.12,0.21,20.77,0.06,3.38,10.36,35.67,29.95,0.14,NA,1,3.99,NA,0.01,0.87,NA,0.02,NA,5.17,0.33,1.05,31.97,NA,0,NA,0.31,1.25,3.48,45.33,0.49,12.15,54.31,72.61,12.4,0
India,NA,1.76,0,0,18.15,0.97,3.88,0.49,1.57,0.01,0.76,0,3.06,0,0,0.7,0.01,0,0.14,5.57,0,NA,0.6,0,0.43,0.28,0.58,3.25,0.03,0,0,5.24,27.28,0.24,1.81,0.93,0.6,0.01,0,1.51,8.12,0,0.07,NA,0.11,106.06,7.39,0,0.06,0.44,1.62,0.04,0.33,0.09,0.02,0.01,0,14.71,5.17,NA,1.56,NA,2.47,0.53,0.06,0.25,1.14,0.81,NA,25.53,2.22,10.33,1.86,1,103.21,0.16,0,NA,0.06,0.04,2.92,1.66,0.3,2.26,16.19,NA,NA,2.15,NA,0.9,1.03,0.21,0.8,13.91,51.24,61.91,0,NA
Indonesia,NA,0.6,0.01,0,21.78,0.02,0.98,0.78,0.11,0,2.79,0.12,40.44,0.2,0.35,0.03,0.02,0,0.57,19.13,0.09,NA,0,0.05,4.69,0.13,6.33,5.57,0.18,0,0,20.3,26.7,0,0.45,0.07,4.65,0.01,0.03,0.05,41.55,0.04,0.98,NA,0.01,6.74,0.13,0,0.45,0.46,0.64,0.05,1.93,0,0,0.01,0,5.47,8.19,NA,4.94,2.25,0.05,11.73,0.15,1.24,0.16,4.6,NA,4.46,7.19,0.09,0,0,207.68,0,1.35,0,0.04,0.01,NA,1.81,1.27,1.39,18.6,NA,NA,0,NA,0.03,6.31,2.35,0.37,3.37,34.89,26.86,0.02,NA
Iran (Islamic Republic of),NA,18.8,0.03,0,7.68,0.55,2.45,0,0,0.01,5.22,2.66,0,0.02,0,2.14,0,0,0.1,0.09,0.17,NA,0.02,5.29,0.23,10.02,1.02,7.38,0.11,0,0,6.03,34.68,0.84,15.82,0,0.33,0.93,0,3.72,2.99,0.13,0.4,NA,0.16,53.76,NA,0.01,0,3.08,9.64,0.01,2.11,0.34,0.01,0.1,0.38,24.75,24.47,NA,NA,0.1,0.01,4.03,0.04,0,0.06,0.78,NA,49.36,27.52,4.64,0.93,0,42.55,NA,0,0,NA,0.27,NA,6.9,0,0.74,28.01,NA,0,NA,NA,2.67,NA,4.06,1.78,55.77,107.46,164.31,0,NA
Iraq,NA,4.58,0,0,6.11,4,0.73,0.99,0.44,0,2.59,0.15,NA,0,0,0.01,0.01,0,0.04,0.42,0.35,NA,0,0.05,0.04,5.66,0.86,9.44,0.13,0,0,2.16,17.22,0.12,2.77,0.09,0.47,0.02,0.32,2.21,0.69,0.41,0.12,NA,0.07,15.07,NA,2.68,0.01,1.45,0.96,0,0.3,1.3,NA,0.09,0.86,3.2,10.38,NA,3.82,0.08,0.63,0.17,0.01,0,0.02,0.06,0.07,8.21,14.95,2.28,0,NA,45.74,0,0,0,0.12,0.1,NA,1.58,0,0.19,23.89,NA,0,NA,0.43,7.72,NA,1.66,1,12.56,21.77,131.94,0.02,NA
Ireland,NA,5.63,0.01,0,12.15,0.14,1.82,120.63,4.18,0.57,20.31,3.58,NA,0.13,1.68,2.88,0,0,0,0.16,1.92,NA,NA,7.55,0.55,0.11,7.35,9.13,5.93,0,0.04,3.69,19.03,0.63,4.18,0.01,1.24,0.6,NA,2.18,11.16,0.17,0,NA,0.29,234.4,NA,5.79,0.71,3.41,1.64,3.81,1.63,2.65,0.08,1.25,0.94,9.42,18.14,NA,0,0,0.65,11,0.18,28.84,0.05,1.78,0,69.36,25.82,0.14,4.54,0,4.21,NA,0,0.2,0.09,0.07,NA,3,0.63,0.47,34.57,NA,NA,NA,0.08,3.02,NA,43.59,1.71,10.92,76.8,102.52,23.16,0.02
Israel,NA,5.34,0.03,0,14.86,0.42,0.68,19.67,1.87,0.26,26.5,1.03,NA,0.22,0.15,1,0,0,0.11,0.26,4.52,NA,0.46,0,0.71,1.56,4.4,9.99,0.77,0,0,13.84,56.37,3.3,15.19,0,2.28,0.56,0.19,7.83,14.6,1.63,0.17,NA,0.01,192.36,NA,4.4,0.28,1.62,3.99,0.85,3.54,4.77,0.05,2.64,1.51,11.33,5.77,NA,2.7,0.23,0.35,6.29,0.03,1.48,0.09,1.21,NA,34.53,67.39,5.39,8.53,0,16.87,NA,0.7,0.01,4.39,0.01,NA,6.4,0.26,0.38,24.67,NA,NA,NA,0.26,2.05,NA,6.06,0.11,49.86,95.05,101.64,0.91,NA
Italy,NA,7.19,0.01,0,11.39,0.4,1.9,28.41,0.84,0.02,15.56,1.95,NA,3.29,1.47,0.04,0,0,NA,0.11,5.45,NA,0,3.12,2.23,0.15,7.59,11.77,0.27,0,0.01,3.66,38.56,0.63,12.61,0.64,0.5,0.28,0.76,7.2,3.84,1.14,1.25,NA,1.85,228.47,NA,0,6.65,0.89,7.97,0.22,2.25,1.52,0,10.17,2.76,6.21,33.2,NA,3.68,0.13,1.14,5.14,0.04,43.77,0.04,2.29,0.2,35.64,18.88,2.2,0.18,0,8.68,0,0.01,0.11,NA,0.05,NA,5.03,0.04,0.04,31.21,NA,NA,NA,NA,4.26,0.23,0.87,0.1,36.57,88.1,146.22,30.82,0.01
Jamaica,NA,0.51,0.1,0,20.7,0.04,2.38,27.66,5.1,0,3.41,0,2.48,0.19,0.01,0.02,0,0,4.12,12.29,2.28,NA,NA,0,1.47,0,0.21,1.98,2.82,0,0,1.51,19.37,13.79,0.62,0,1.18,0.25,0.59,9.37,11.35,0.18,12.98,NA,0.03,70.92,0,8.86,0.9,1,0.15,2.36,2.87,2.4,0,0.08,0.02,2.86,22.81,NA,NA,0.01,0.22,8.16,0.07,3.42,4.56,8.51,13.93,7.28,51.1,0.35,NA,0,38.92,NA,7.9,NA,0.01,NA,NA,3.53,0.01,0.47,49.42,NA,NA,NA,0.01,NA,10.06,14.07,0,9.08,76.12,62.91,0.74,34.59
Japan,NA,5.12,0.34,0.92,6.42,0.7,0.94,28.96,9.4,5.7,9.19,0.56,0.02,3.13,0.99,0.4,0,0,0.26,0.02,3.5,NA,NA,0,6.09,0.01,6.58,19.64,0.02,0.28,0,5.07,10.93,0.67,1.22,0.01,0.91,0.32,NA,0.42,12.97,0.56,5.14,NA,0.1,58.63,0.06,3.43,5.62,0.15,0.94,0.14,2.18,3.05,0,0.35,0.03,10.67,6.48,NA,0.89,NA,0.11,13.87,0.07,21.39,0.1,1.47,0,19.16,18.5,0.43,6.87,0,81.63,0.17,1.75,0,0.47,NA,NA,3.27,7.45,1.03,15.25,2.64,NA,0.06,0,0.15,3.62,9.92,0.82,7.2,73.23,44.42,2.77,1.02
Jordan,NA,10,0,0,5.9,0.23,0.32,0.48,0.3,0,5.08,0,NA,0.01,0.03,0.12,0.01,0.03,0.02,0.22,3.01,NA,0,0,0.12,3.31,0.68,3.28,1.14,0,0,0.84,8.87,0.54,5.11,0,1.24,0.11,0.28,3.62,1.92,1.58,0.66,NA,0.06,41.82,NA,3.23,0.01,4.69,1.62,0.05,1.37,1.02,0.5,2.08,4.21,6.06,7.65,NA,5.08,0.07,0,3.56,0.02,0.01,0,0.3,0.29,21.02,28.07,5.95,0.01,0,19.78,NA,0,NA,0.62,0.59,NA,3.1,0.02,0.44,34.12,NA,NA,NA,0.31,5.93,0,12.14,0.62,49.21,49,116.66,0.05,NA
Kazakhstan,NA,17.46,0,0,1.77,9.8,NA,32.65,6.01,0.09,23.78,1.24,0,0.02,1.59,0.06,0,0.31,NA,0.01,0.39,NA,0.19,4.63,0.08,1.21,0.25,8.62,0.93,0,0,2.4,21.3,0.07,15.23,0,0.64,0.1,0.29,0.32,1.22,0.01,0.49,NA,5.76,270.03,0.36,5.29,0.03,9.27,1.59,2.51,5.48,3.93,0,0.05,0.13,13.3,2.69,NA,NA,NA,0.48,1.24,0.06,7.79,0.09,0.33,0,102.97,18.27,0,1.29,0,10.99,NA,0,0.6,NA,0,NA,0.37,0.09,0.06,26.94,NA,0,NA,1.27,15.24,0,0.34,1.79,46.5,132.12,95.38,2.47,NA
Kenya,NA,0.31,0,0,12.58,0.04,10.97,10.17,1.2,6.57,11.19,0.33,18.97,0.03,0.27,1.48,0.04,0,0.17,1.53,0.05,NA,0.02,0.47,0.01,0.11,0.15,1.33,0.28,0,0,3.32,22.12,0.13,0.05,0,0.56,0.34,0,0.38,79.09,0.39,0.18,NA,2.14,80.9,1.04,0.22,0,1.72,0.82,0.02,1.94,3.8,NA,0.01,0,2.71,2.38,NA,1.21,0.2,0.48,0.3,0,0.22,0.08,3.06,0.57,36.53,0.67,4.64,0.1,0,20.13,NA,0.33,0,0.28,0,1.9,0.05,0.1,0.05,14.96,NA,0,0.49,NA,0.19,13.75,0.84,2,5.76,31.47,36.54,0.13,0.15
Kiribati,NA,0.3,0,0,58.8,0,NA,3.39,0.27,0,2.34,0,0.27,0.11,0.04,0.02,NA,0,4.82,123.84,0.1,NA,NA,0,0.19,0,16.12,2.06,0.61,NA,NA,0.04,14.3,0,0.02,0,0.17,0,0,0,0.05,NA,4.02,NA,0.11,1.96,NA,6.41,0.18,0.05,2.45,0.02,0.44,0.3,NA,0,NA,0.74,0.49,NA,NA,0,0,56.04,0,9.47,NA,0.05,NA,0.08,17.98,0.04,NA,0,70.08,NA,89.87,NA,NA,0.03,NA,0.39,1.51,0.08,46.83,0,NA,NA,NA,NA,NA,5.12,0.29,0.1,51.15,33.73,0.07,NA
Kuwait,NA,7.21,0.03,0,3.29,0,0.31,0.05,0.01,0,7.75,0,0.05,0.02,0.29,3.42,0.03,0,NA,0.59,2.03,NA,0.02,NA,1.46,22.36,2.48,18.31,0.03,0,0,2.19,18.24,0.57,3.54,0,0.26,0.24,1.02,3.84,4.93,8.07,1.46,NA,0.21,47.87,0,10.75,0.04,12.9,2.08,NA,2.71,0.54,0.01,0.87,1.29,23.24,8.63,NA,3.76,0.12,0.11,3.82,0.2,NA,0.31,1.91,NA,44.14,46.25,5.56,NA,0,51.97,NA,0.03,NA,0.84,0.02,NA,2.5,0.2,2.25,38.02,NA,0.38,NA,0.56,0.58,0.22,1.87,1.68,40.89,114.69,99.85,0,NA
Kyrgyzstan,NA,18.44,NA,0,0.84,0.05,5.36,5.61,3.94,0.09,13.97,0.41,0,0,1.08,0.02,NA,0,0.1,0,0.22,NA,1.35,1.28,0,0.31,0.16,4.32,1.42,NA,0,0.53,13.18,0.02,2.73,NA,0.08,0.22,0.15,0.19,28.06,0.04,0.07,NA,1.52,208.43,NA,3.23,0,8.72,2.36,0.19,4.24,0.93,0,0.01,0.03,30.73,1.24,NA,NA,NA,0.22,0.38,0.04,3.16,0.19,0.11,0.13,94.52,3.1,0.02,0,0,8.14,NA,0.02,0,NA,0,NA,0,0.02,0.1,21.67,NA,NA,NA,NA,3.35,NA,31.02,0.78,36.42,117.2,127.03,0.64,NA
Lao People's Democratic Republic,NA,0.23,0.01,0,127.1,0.8,0.27,6.24,7.48,0.01,8.8,0,51.07,0,0,0.6,NA,0,0.02,0.02,16.81,NA,0.03,0,0.01,NA,0,1.89,1.74,0,0,25.15,8.77,1.1,0.03,1.14,3.74,0,0.18,0.79,17.99,NA,0.05,NA,0,2.9,NA,5.88,0,0.33,0.05,0,2.81,0.93,NA,0,0,0.03,13.5,NA,0.55,0,NA,0.05,0.01,10.36,1.9,4.56,NA,1.23,10.91,2.37,0,0,267.44,0.93,NA,NA,1.65,0,NA,0.22,0.96,0.43,8.29,NA,34.22,NA,NA,0,9.6,11.45,0.73,0.14,206.71,5.13,0.28,0
Latvia,NA,3.84,0.01,0,9.7,20.71,NA,85.5,7.56,2.46,5.56,2.77,0,0.17,5.63,0.43,0,0,NA,0.05,3.33,NA,0,18.26,1.63,0.14,2.73,12.49,1.16,0,0,3.28,18.09,1.41,2.4,0,0.72,0.75,0.3,2.09,0.44,0.02,5.85,NA,0.5,222.34,NA,4.57,0.68,0.37,1.49,2.9,3.17,3.31,0.03,0.67,1,11.72,9.17,NA,NA,NA,NA,10.53,0,41.4,0.02,1.08,0.04,123.75,20.89,0.06,4.57,0,2.76,NA,0,21.54,0.07,NA,NA,0.44,0.12,0.21,20.22,NA,NA,NA,NA,4.12,0,28.22,0.36,11.22,93.5,66.23,7.05,NA
Lebanon,NA,9.7,0,0,16.76,0.29,0.25,5.34,1.19,0.07,10.69,0,0,0.15,0.33,0.43,0.01,0.08,0,0.19,3.81,NA,0,0.39,0.96,1.74,1.36,2.13,0.59,0,0,1.33,24.34,0.84,4.13,0.56,0.86,0.24,0.92,9.46,NA,0.83,1.49,NA,0.01,62.48,NA,0,0.13,1.63,6.49,0.19,1.05,1.39,0,2.65,2.87,9.29,15.31,NA,NA,NA,0.54,3.31,0.08,0.89,0.06,1.08,2.2,39.76,10.74,5.37,0.38,0,14.01,NA,0.16,NA,2.08,0.77,NA,5.52,0.08,0.36,35.08,NA,0,NA,NA,6.13,0.31,27.92,0.6,40.21,79.93,130.77,2.21,NA
Lesotho,NA,2.08,0,0,0.41,0.21,7.18,17.19,0.52,8.38,3.02,0,0,0,0.97,0.1,0,0,0,0,0.13,NA,0.92,NA,0,0.06,0.12,0.93,0.18,0,0,0.25,8.66,0.05,0.13,0.05,0.4,0.01,0.03,0.08,151.44,0,0.31,NA,3.66,21.54,NA,2.98,0,0.51,0.04,0.24,3.03,0.6,0,0.04,0,1.04,1.78,NA,0.05,NA,1.76,1.15,0.08,4.41,0.01,0.03,0.57,55.55,7.93,0.02,0,0,3.86,NA,0,NA,NA,0,9.08,0.45,0.01,0.81,10.42,NA,NA,NA,NA,3.13,NA,6.62,0.16,2.04,22.96,15.4,0.27,NA
Liberia,NA,0.16,0,0,26.77,0.32,NA,4.29,3.34,0.14,0.62,0,101.79,0,0.01,0,0,0,0,1.19,0.04,NA,NA,0,0.06,0,1.24,1.21,0.2,0,0,0.55,0.64,0,0.02,0,1.27,0,0.17,0.02,0.17,0,0.8,NA,1.77,1.17,NA,2.1,0,0.47,0.59,0.14,1.75,0.51,NA,0.03,0,2.1,1.57,0,14.1,0.16,NA,3.22,0,4.75,0,1.69,9.73,0.34,10.67,0.74,0,0,104.45,NA,5.4,NA,NA,0,NA,0.01,0.67,0.01,6.2,NA,8.94,NA,NA,0.01,4.66,2.31,0.06,0.81,21.12,17.19,0.06,4.16
Lithuania,NA,5.24,0.02,0,13.43,8.46,NA,96.12,8.79,0.03,4.89,4.15,0,0.37,0.36,0.02,0,0,0.15,0.08,4.28,0,NA,5.23,0.78,0.24,2.04,15.01,2.02,0,0,3.8,16.87,1.92,0.87,0,0.98,0.74,0.27,2.3,0.52,0.01,0.14,NA,0.51,350.67,NA,0,0.27,0.19,1.18,0.61,2.79,3.56,0,0.33,0.55,7.89,9.5,NA,NA,NA,2.41,25.7,0.11,47.49,0.05,0.5,0.58,48.81,28.19,7.01,NA,0,3.12,NA,0,10.64,NA,0.01,NA,2.18,0.07,1,34.41,NA,NA,NA,NA,4.32,0,61.4,0.36,16.57,69.99,115.11,13.9,NA
Luxembourg,NA,12.59,0.1,0,8.65,2.59,0.26,90.8,14.06,0.85,24.64,3.46,NA,1.04,1.46,0.38,0,0,NA,0.11,24.79,NA,NA,5.07,4.92,0.12,8.63,15.58,2.24,0,0,8.18,34.48,0.65,2.98,0.41,0.65,0.49,1.17,2.48,0.5,0.52,1.13,NA,1.77,148.25,NA,6.5,3.64,1.34,0.61,1.72,2.05,3.37,0,2.47,1.98,4.84,21.89,NA,NA,NA,0,4.59,0.09,33.98,0.04,3.45,1.06,43.54,18.33,0.53,1.96,0,4.62,NA,0,1.12,NA,NA,NA,0.43,0.1,1.03,11.22,NA,0,NA,NA,1.97,0.12,148.78,0.57,16.58,74.61,89.62,54.27,0
Madagascar,NA,0.31,0.02,0,13.14,0,2.06,5.88,0.47,0,6.26,0,91.64,0.05,0,0,0.16,0.04,0.29,1.36,1.71,NA,0.04,0,0.49,0,0.22,0.65,0.34,0,0,1.36,22.91,0.42,0.01,0.04,0.19,0.15,0,0.18,12.36,0,2.08,NA,0.32,21.13,0,0.66,0.21,0.47,0.22,0,1.69,0,0,0.01,0,0.33,3.08,NA,1.1,0,0.7,0.89,0.16,2.42,0.07,2.75,NA,5.48,2.87,0.37,0,0,143.05,0,4.78,0,NA,0,0.18,0.9,0,0.02,8.42,NA,4.94,NA,0,0.25,20.23,0.65,0.01,1.56,14.04,12.91,0.38,NA
Malawi,NA,0.25,0,0,22.78,0,4.72,1.39,0.35,14.34,2.47,0,89.65,0,0,0.14,0,0,0,0,0.44,NA,0.4,0,0,0,0,1.13,1.11,0,0,9.1,44.96,0.01,0.02,1.28,5.07,0,0.02,0.9,125.13,0,0.36,NA,0,3.44,1.43,0.52,0,2.6,0.22,0,2.31,0.04,NA,0,0,4.35,10.45,NA,0.23,0,0.16,0.03,0.1,10.11,0.05,15.02,20.95,52.45,5.17,11.26,0,0,6.75,0,0.02,0,0.13,0,1.76,0.56,2.19,0.05,8.27,NA,0,NA,NA,0.27,134.44,0.47,0.09,10.21,39.67,9.67,0.05,NA
Malaysia,NA,3.37,0.22,0,8.87,0,1.32,9.43,0,0.06,5.62,0,2,2.56,1.47,0.24,0.03,0,1.12,4.49,0.02,NA,0.18,0.22,4.63,0.73,13.27,17.88,0.73,0,0,6.45,16.63,0.3,1.28,0.13,1.66,0.06,1.66,0.71,13.7,0.42,10.76,NA,0.01,5.71,NA,NA,1.55,0.83,0.9,1.73,0.85,0.59,0.01,0.05,0.02,17,4.94,0,7.01,4.87,0.91,18.41,0.65,7.22,1.41,7.87,0,13.62,39.21,0.6,0.64,0,119.64,NA,1.37,NA,0.01,0.13,NA,2.45,0.03,2.75,41.99,NA,0,NA,NA,0.01,0.79,0.01,1.07,4.83,44.62,49.93,0.15,0.06
Maldives,NA,6.4,0.07,0,4.61,0.01,0.08,4.59,0.9,0.02,5.19,0,0.2,0.79,0.09,0.17,0.05,0,0.07,0.61,3.41,NA,NA,0,3.54,1.02,0.51,11.74,0.03,NA,0,0.57,29.32,0.39,1.76,0,0.54,0.27,0.25,4.61,0.77,NA,0.99,NA,0.12,23.8,0.16,30.91,1.47,0.91,7.78,0.11,0.02,0.64,0.01,0.51,0.32,20.2,8.14,0,NA,NA,0.01,82.54,0.25,0.89,0.91,6.02,0.02,12.26,13.5,0.74,0.05,0,49.85,NA,3.56,NA,0.02,0.05,NA,0.52,0.45,2.32,23.58,1.03,NA,NA,0.03,0.02,0.78,6.78,0.66,8.71,50.42,67.61,1.54,0.05
Mali,NA,0.21,NA,0,9.79,0,0,0.97,0.03,34.76,9.36,0,2.52,0,1.52,0.01,0,0,0,0.05,0.04,NA,3,0,0.01,0.06,1.92,0.71,0.55,NA,NA,6.17,10.97,0.04,0.03,1.58,4.36,0.77,0.02,1.82,46,0,0.83,NA,2.8,88.17,61.37,2.26,0.03,8.54,2.94,0,3.4,0.81,0.52,0,0,4.63,24.39,NA,0.91,0.01,0.02,0.38,0.03,0.15,0.2,0.08,0.88,7.81,2.83,9.83,0,0,81.4,NA,0.3,0,0.8,0,40.62,0.05,0.13,0.56,9.98,NA,NA,NA,0,0.01,17.14,0.15,0.72,8.89,76.79,14.94,0.03,5.39
Malta,NA,10.92,0.03,0,20.22,0,1.49,43.31,4.51,1.19,18.89,0,0.01,1.15,0.61,0.33,0,0,0.07,0.23,2.52,NA,0,0,2,0.54,3.27,11.95,3.67,0,0,3.08,22.53,0.58,3.02,0,1.68,0.29,0.56,2.44,4.78,0.17,2.51,NA,5.56,111.33,NA,0,4.66,1.44,2.2,1.01,1.33,3.02,0,1.44,2.57,16.65,20.1,NA,NA,NA,0.37,15.22,0.14,28.98,0.05,1.74,0.03,36.52,27.17,2.05,NA,0,4.78,NA,0.01,NA,0.25,0.02,NA,2.4,0.12,0.39,47.12,NA,NA,NA,0.29,1.53,0.11,45.44,1.22,38.25,145.98,129.43,20.5,0
Mauritania,NA,0.87,0,0,1.02,0.32,2.6,0.01,0.02,0.01,7.03,0.43,0,0.14,0.62,0.17,0,0,NA,0,0.01,NA,NA,0,0.11,5.63,0.15,2.32,0.6,0,0,3.51,3.22,0.01,0.01,0.32,0.08,0,0.02,0,3.23,0,0.66,NA,6.17,89.77,0.64,6.85,1.06,12.71,0,0.02,3.91,0.35,0.62,0.02,0.01,12.69,0.8,NA,4.77,0.05,2.12,3.52,0.06,0,0,0.13,0,8.16,5.14,5.33,0.82,0,53.1,NA,0,0,0,0,14.69,7.97,0,0,36.81,NA,NA,NA,NA,0.07,0.55,2.62,3.35,1.11,22.55,114.56,0.01,0.59
Mauritius,NA,5.36,0.11,0,6.05,1.04,0.86,29.83,1.79,0,5.18,0,0.29,1.3,0.26,0.62,0.02,0,0.05,2.06,0.49,NA,0.06,0,2.26,0.25,3.67,6.4,0.08,0,0,0.74,11.51,0.64,2.42,0,1.77,0.16,0.68,1.06,3.22,0.02,3.24,NA,0.78,18.59,NA,10.74,0.17,4.14,0.4,0.62,1.27,1.63,NA,0.74,0.13,13.79,6.07,NA,0.44,0.06,3.1,11.67,0.1,2.86,0.2,4.64,NA,18.97,37.93,5.31,0.28,0,56.62,NA,0.3,NA,0.07,0.02,NA,15.26,0.55,1.68,28.3,NA,NA,NA,0.08,3.62,0.3,10.17,1.27,12.04,46.85,124.35,1.74,NA
Melanesia,NA,2.41,0.19,0,9.66,0.13,0.25,18.89,1.25,0.07,6.12,1.52,18.38,0.13,0.19,0.01,0.01,0.26,2.37,70.24,0.8,NA,0,0,1.04,0.07,1.59,3.5,0.97,0,0,0.21,27.22,0.03,0.73,0.03,1.81,0.15,0.2,0.43,0.3,0.02,9.44,NA,0.07,19.14,0.03,9.88,1.69,2.87,0.31,0.19,1.8,1.37,0,0.23,0.04,5.1,2.33,NA,0.69,0.02,3.72,16.94,0.11,7.2,0.02,2.85,0.06,15.51,19.98,4,0.43,0,64.27,NA,58.42,0,0.01,0.02,NA,3,0.69,0.46,16.3,NA,NA,NA,0.01,1.24,56.32,54.4,0.38,1.52,37.96,58.99,2.92,24.92
Mexico,NA,7.56,0.3,0,11.38,0,8.83,63.71,1.77,0.06,14.18,0.44,0.11,0.43,0,0.17,0.01,0,0,0.18,0.35,NA,0.02,0.05,2.45,0.04,1.71,19.31,2,0,0,4.5,38.6,2.48,1.97,0.04,2.31,0.17,0,11.2,126.83,0.29,0.18,NA,0.65,119.01,NA,0.41,1,0.85,1.67,0.94,5.29,0.09,0,0.14,0.12,9.67,34.35,NA,3.36,NA,0.18,4.11,0.05,16.67,0.5,6.61,0,15.46,32.52,1.52,1.63,0,8.92,NA,1.42,0,0.18,0.11,NA,4.29,0.02,1.12,37.06,NA,0,0.29,0.02,0.24,0.35,10.54,0.02,19.83,46.02,33.56,0.14,NA
Micronesia,NA,0.3,0,0,58.8,0,NA,3.39,0.27,0,2.34,0,0.27,0.11,0.04,0.02,NA,0,4.82,123.84,0.1,NA,NA,0,0.19,0,16.12,2.06,0.61,NA,NA,0.04,14.3,0,0.02,0,0.17,0,0,0,0.05,NA,4.02,NA,0.11,1.96,NA,6.41,0.18,0.05,2.45,0.02,0.44,0.3,NA,0,NA,0.74,0.49,NA,NA,0,0,56.04,0,9.47,NA,0.05,NA,0.08,17.98,0.04,NA,0,70.08,NA,89.87,NA,NA,0.03,NA,0.39,1.51,0.08,46.83,0,NA,NA,NA,NA,NA,5.12,0.29,0.1,51.15,33.73,0.07,NA
Middle Africa,0,0.39,0,0,24.58,0.06,7.47,29.58,0.44,22.87,5.55,0.04,117.87,0.06,4.86,3.12,0,0,0.02,0.4,0.36,NA,0.36,0.11,0.46,0.23,4.38,0.5,0.49,0,0,3.18,5.83,0.13,0.02,2.05,7.82,0.53,0.16,0.13,40.53,0,1.19,NA,2.44,14.93,8.6,1.05,0.01,4.11,0.58,0.03,3.15,0.06,0.98,0.05,0.02,4.23,0.73,0,2.94,0.17,0.16,8.04,0,3.93,0.52,12.17,18.18,8,7.16,3.65,0,0,22.66,0,10.4,0,0.97,0.04,17.3,1.06,0.22,0.66,9.95,NA,0.04,0,0,0.27,17.34,3.6,0.09,15.61,31.4,24.35,0.7,15.22
Mongolia,NA,3.32,NA,0,0.86,0.42,0,28.75,4.55,0.01,22.34,0.54,0.16,0,1.04,0.03,0,0,NA,0,0.65,NA,0,0,0,0.01,0,4.07,3.67,0,0,0.04,5.86,0.01,0.43,0,0.11,0.05,0.16,0.07,1.17,0,0.43,NA,12.1,173.14,NA,6.34,0,50.74,0.15,0.21,12.46,1.81,0.05,0.04,0.02,8.88,0.63,NA,0.77,0.05,0.02,0,0.02,0.41,0,0.09,0.04,28.4,2.77,0.38,0.08,0,8.5,NA,0,NA,0,0.01,NA,1.05,0.08,0.02,14.22,NA,NA,NA,0,2.24,0,1.75,0.87,0.51,37.93,99.39,1,NA
Montenegro,NA,10.2,0.03,0,20.06,0.03,2.36,25.76,3.58,1.02,12.96,2.71,0,1.1,3.56,0.48,0,0,0.01,0.09,5.48,NA,NA,NA,0.78,0.25,3.04,12.04,1.78,0,0,2.29,48.81,0.98,9.67,0,0.69,1.12,0.39,5.42,2.23,0,0.79,NA,0.03,389.91,0.02,18.01,0.97,2.15,2.06,0.1,2.46,2.37,NA,0.36,0.7,8.57,27.69,NA,NA,0.17,2.2,5.1,0.04,41.89,0.17,0.9,NA,25.96,15.98,0.03,0.01,0,2.02,NA,0,0.68,0.08,0,NA,0,0.02,0.17,21.37,NA,NA,NA,0.05,6.32,0.01,108.76,0.18,18.8,81.25,100.94,17.84,NA
Morocco,NA,14.64,0,0,9.18,35.28,0.08,3.1,0.09,0,7.22,1.55,0,0.11,0,0.15,0,0,0.01,0.02,0.96,NA,0,0,0.42,3.36,1.72,6.79,0.47,0,0.01,0.5,22.54,0,8.87,0.35,0.01,0.19,0.11,0.62,41.25,0.05,1.08,NA,1.84,52.58,0.15,0,0.03,5.07,3.57,0.12,2.73,0.53,0,2.76,2.46,20.13,41.35,NA,NA,NA,0.93,15.61,0.01,0.02,0.66,0.2,0.08,47.74,20.96,3.62,0.13,0,1.93,NA,0,0.05,0.13,0,0.01,6.08,0.01,0.98,36.81,NA,NA,NA,NA,1.53,0.38,0.56,1.9,18.62,63.3,183.16,0.83,NA
Mozambique,NA,0.41,0,0,15.94,0,4.12,11.46,0.36,0.35,0.64,0.02,192.68,0.07,0.01,0,0,0,0.99,0.44,0.08,NA,0.19,0,0.53,0,0.06,1.95,0.28,0,0,3.4,6.84,0.3,0.03,0.26,0.83,0.02,0.07,0.18,65.92,0.76,7.2,NA,0.01,16.54,0.39,1.51,0.01,0.67,2.03,0,0.86,0.6,0,0.02,0.01,7.95,2.53,NA,2.47,0.01,0.03,0.19,0,4.47,NA,2.34,NA,8.6,3.59,8.78,0,0,35.98,0,0.33,0,NA,0.26,6.79,1.32,0,0.04,9.89,NA,0,NA,NA,0.69,23.36,0.83,0.97,12.83,7.21,24.06,0.14,NA
Myanmar,NA,1.4,0.04,0,0,0,3.34,1.91,0.56,0,8.53,0.94,8.43,0.01,0.15,0,0,0,0,7.11,0.8,NA,0.61,0.04,0.36,0,0,5.4,1.08,0,0,32.61,25.01,0.01,0.16,4.15,3.74,0.03,0.05,0.01,4.52,0,13.85,NA,0,42.5,0.58,3.93,0,1.86,3.41,0,2.69,0,NA,0,0,17.91,0.91,NA,0.26,0,1.91,0.49,0,17.48,2.46,0.05,19.62,7.88,30.37,9.74,0,NA,178.25,0,0,0,1.39,0.74,1.77,0.75,0.33,0.08,1.74,NA,NA,16.11,0.3,0.87,0.67,15.59,1.89,0.02,64.87,10.92,0.1,NA
Namibia,NA,5.93,0.06,0,1.44,NA,0.12,31.76,3.78,9.77,6.03,0.46,0.01,0.82,0.49,0.18,0,0,0.01,0.02,0.57,NA,0.35,NA,0.45,0,2.48,1.36,0.83,0,0,1.27,22.81,0.14,0.1,0,0.59,0.03,0.05,0.81,44,0.01,0.22,NA,5.2,61.96,15.43,8.17,0.33,3.41,0.13,0.32,2.51,2.08,0,0.12,0.05,10.15,3.09,NA,NA,0,0.03,6,0.18,4.37,0,0.38,0.65,19.06,11.53,8.14,NA,0,8.08,NA,126.52,0.25,0.01,0.02,1.82,0.41,0.03,1.26,26.06,0,0.01,NA,NA,7.85,0.26,19.23,0.44,2,14.72,42.42,16.91,0
Nepal,NA,3.13,0,0,9.34,1.19,0.67,4.34,0.22,0,8.29,0.02,0.07,0,0.4,0.29,0.01,0,0,0.4,0.05,NA,0,0,0,0.05,0,1.98,0.41,0,0,2.57,47.08,0,0.52,0.04,0.11,0.15,0.02,1.36,46.45,0,0.24,NA,0,54.12,9.98,0.8,0,2.42,1.35,0,2.12,2.86,NA,0.01,0,4.11,3.48,NA,0.67,0,0.9,0.01,0.22,0.85,1.32,0.22,0.01,78.68,1.99,10.99,2.29,0,139.62,0.38,4.78,0,0.05,0,0,4.46,0.01,4.24,4.54,NA,42.34,0.16,0.1,0.62,0,2.69,0.39,0.53,123.41,52.87,0.01,NA
Netherlands,NA,25.95,0.21,0,11.39,5.73,0.27,58.45,3.06,0.33,15.84,3.89,NA,0.28,10.81,0.7,0.01,0,NA,0.25,4.86,NA,NA,0.04,2.37,0.13,9.72,14.12,2.39,0,0,2.88,15.37,4.87,6.37,3.05,0.1,0.57,NA,1.37,2.95,0.15,0.01,NA,1.24,340.35,NA,NA,0.75,1.01,3,2.27,0.75,5.56,0.01,0.84,0.35,2,21.18,NA,1.2,NA,0.89,5.74,0.18,37.38,0.3,3.05,2.68,79.72,20.33,0.45,NA,0,4.32,NA,0.05,0.94,0.14,NA,NA,4.94,1.01,0.72,42.61,NA,NA,NA,NA,0.3,0.74,1.14,0.63,8.57,51.03,66.91,21.16,0.1
New Caledonia,NA,5.84,0.94,0,4.55,0.03,0.55,39.06,3.53,0.43,13.84,0,2.45,0.25,0.11,0.03,0,0.01,0.2,23.78,1.81,NA,0,0,1.03,0.11,0.5,8.76,0.96,0,NA,0.56,38.79,0.12,1.23,0.14,0.58,0.42,1.45,2.91,0.78,0.06,4.46,NA,0.02,32.35,0.22,41.33,3.95,1.92,0.44,0.02,2.33,3.84,NA,1.3,0.22,0.23,10.42,NA,0.3,0,0.06,13.04,0.15,14.1,0.02,0.81,0.46,20.91,38.71,0.87,0.28,1,18.36,NA,0.96,0.01,0.07,0,NA,0.53,1.27,0.39,21.75,NA,NA,NA,0.03,8.73,1.39,15.12,0.22,2.51,62.65,80.81,15.84,4.28
New Zealand,NA,7.85,0.25,0,14.92,0.21,1.57,67.15,3.04,0.14,20.84,9.13,0.3,1.13,4.06,2.02,0.01,0,0,0.64,3.06,0,0.12,0.18,2.53,0,11.82,10.42,1.67,0,0,2.61,18.81,0.17,3.93,0.02,2.46,1.21,NA,1.02,3.86,0.27,0.02,NA,2.37,110.04,NA,0,0.91,19,2.21,2.47,1.88,0.14,0.04,1.01,0.38,NA,7.34,NA,0,0,0.82,5.71,0.1,23.89,0.08,3.16,0.08,46.65,34.79,1.17,2.66,0,10.74,NA,0.73,0,0.16,0.06,NA,2.59,0.72,0.55,49.41,0.16,0,NA,0.24,1.02,2.01,5.69,0.44,16.96,81.67,92.97,6.67,0.04
Nicaragua,NA,2.04,0.03,0,0,0,13.52,14.25,2.57,0.03,3.59,0.09,10.46,0.02,0.64,0.07,0,0,0.2,0.77,0,NA,0.06,0,0.04,0.05,0.33,5.45,0.74,0,0,0.45,2.95,0,0.33,0.99,2.31,0,0.7,0.21,66.44,0,0.11,NA,0.35,84.91,NA,5.9,1.42,0.01,0.03,1.38,2.04,0.88,NA,0.07,0.05,7.38,5.55,NA,3.58,NA,0,4.14,0.01,5.28,0,8.17,18.72,5.29,21.59,0,NA,0,68.73,NA,3.09,NA,0.01,0.01,1.32,3.3,0.02,0.04,40.66,NA,NA,0,0.01,0.07,0,15.95,0.05,9.84,18.33,28.31,0.22,0.14
Niger,NA,0.05,0,0,0.21,0,0.79,0.45,0.07,0,6.7,0.89,6.18,0,0.31,0,0,0,0,0.32,0.05,NA,0,0,0,1.57,0.11,0.24,0.3,0,NA,1.73,23.74,0,0,1.57,12.62,0,0.01,0,3.88,0,0.06,NA,2.48,54.43,132.7,0.68,0,2.56,0,0,2.03,0,NA,0,0,42.95,0.01,NA,2.39,0,0.05,0.12,0.03,0.07,0.54,0.01,0,2.95,0.94,34.13,0,0,25.57,0,0.18,0,1.9,0,57.04,0.01,0,0.24,3.58,NA,0,NA,NA,0.01,4.16,0.1,0.3,11.49,52.07,4.18,0.04,0.08
Nigeria,NA,0.21,0,0,0,0,0,13.59,0.09,36.65,1.86,0.07,118.63,0,0.36,19.04,0,0,0.05,0.61,0.05,NA,0.06,0,0.29,0.01,1.95,2.49,0.12,0,0,3.75,14.04,0,0.03,1.68,1.88,0,0.04,0,34.71,0,0.36,NA,0.91,2.18,6.16,0.51,0.02,1.98,1.06,0.03,0.79,0.84,1.68,0,0,4.64,0.01,NA,5.45,2.2,0,2.74,0,1.39,0.32,7.68,14.74,4.52,1.01,10.47,0,0,46.32,0,7.71,0,0.04,0.08,32.07,0.43,1.79,1.83,7.65,NA,0,0.07,NA,0,14.15,0.47,0.03,20.27,53.98,17.94,0.11,101
North Macedonia,NA,2.14,0,0,0,NA,3.24,30.14,1.67,0.12,7.09,2.75,0,0.06,0.07,0.02,0,0,NA,0.06,4.06,NA,NA,0.1,0.03,0.38,2.36,5.04,3.85,0,0,1.12,17.85,0.42,45.85,0,2.86,0.28,0.23,2.87,22.65,0,0.12,NA,0.11,155.89,NA,5.01,0.05,0.55,3.18,0.88,3.14,2.57,0.02,0.88,2.33,22.93,9.64,NA,NA,NA,0.91,2.47,0.07,9.14,1.84,0.35,10.59,65.12,19.73,0.9,NA,0,3.38,NA,NA,0.47,0.21,0.2,NA,0.04,0.13,0.37,36.67,NA,NA,NA,NA,13.15,0,14.59,0.32,61.96,172.75,103.46,1.8,NA
Northern Africa,NA,8.9,0,0,10.52,8.2,0.48,2.17,0.06,0.01,8.26,0.58,0,0.08,0.05,0.61,0,0,0.05,0.04,1.18,NA,0.04,0.34,0.21,12.71,2.63,4.7,0.41,0,0,6.31,23.78,1.29,10.41,1.06,1.04,0.09,0.15,2.95,35.85,0.33,0.32,NA,1.55,72.96,2.78,0.62,0.04,4.4,1.38,0.03,3.3,1.26,0.18,0.98,4.84,24.15,25.38,NA,0.32,0.06,0.33,5.18,0.06,0.01,0.49,0.11,0.03,38.67,11.17,5.59,0.05,0,24.31,0,0.3,0.01,0.53,0.15,12.87,3.78,0.07,0.47,28.91,NA,14.33,0,0,2.02,2.25,1.32,0.92,44.62,78.63,143.52,0.27,0.75
Northern America,NA,17.66,0.05,0,12.33,0.19,2.67,79.67,5.7,2.02,35.16,2.45,0.05,0.58,0.62,0.02,0,0,0.18,0.25,4.66,NA,0.39,0.93,6.2,0.2,4.61,15.43,1.13,0,0,5.08,21.43,1.38,6.86,0.18,4.56,0.66,0.06,4.54,12.74,1.91,0.03,0,0.73,245.43,NA,1.08,2.98,0.56,3.43,3.37,0.37,1.31,0.01,0.98,0.6,11.27,19.77,NA,0,0.05,0.69,2.9,0.19,29.46,0.34,5.11,1.05,53.79,53.99,1.2,2.71,0,10.98,NA,0.32,0.66,0.07,NA,0.37,12.29,0.28,0.44,32.91,NA,NA,NA,0.49,0.14,2.81,34.95,0.47,30.86,70.08,81.11,8.28,0.12
Northern Europe,NA,12.98,0.01,0,14.5,2.03,0.27,72.71,3.01,1.42,18.38,3.26,0,0.16,0.37,0.46,0,0,0.01,0.28,4.54,0,0,4.04,4.07,0.25,8.54,11.63,1.69,0.2,0,4.6,21.33,1.25,4.83,0.04,1.95,0.73,0.61,2.19,3,0.27,0.3,NA,1.12,255.43,NA,12.79,1.05,3.44,1.64,5.29,2.06,1.6,0.04,0.97,0.69,8.4,20.18,NA,0,0,1.87,5.55,0.16,26.74,0.13,2.66,0.5,80.84,28.24,1.2,5.17,0,6.51,NA,0.01,4.77,0.1,0.04,NA,1.64,0.22,0.76,33.94,0,0,NA,0.11,2.01,0.08,13.29,1.24,14,63.13,96.95,19.32,0.12
Norway,NA,13.08,0.01,0,15.47,7.46,0.11,51.29,1.77,1.27,19.63,3.09,NA,0.06,0.02,0.14,0,0,0,0.14,8.76,NA,NA,7.05,10.29,0.26,23.36,11.58,1.3,0,0,10.85,22.88,0.49,5.63,0.3,1.63,0.34,0.39,1.86,0,0.03,0.05,NA,0.75,252.82,NA,68.1,0.84,5.23,1.85,5.75,1.67,12.42,0.53,0.74,0.51,1.15,17.81,NA,0,NA,3.38,5.9,0.09,22.81,0.05,2.38,0.03,51.8,19.05,2.5,0,0,4.66,NA,0,7.74,0.29,0.01,NA,1.19,0.3,0.3,27.23,0,NA,NA,2.14,1.56,0.71,14.77,0.25,9.72,62.29,86.14,16.6,0.01
Oceania,NA,11.67,0.11,0,15.16,0.04,0.25,70.65,1.96,1.28,31.22,4.38,1.39,1.06,1.45,0.39,0.01,0.02,0.22,7.07,4.17,0,2.42,0.18,4.17,0.26,6.52,8.02,1.62,0,0.01,3.8,21.93,0.26,6.37,0.06,2.38,0.72,0.33,1.19,4.4,0.15,2.37,NA,2.1,186.88,0,8.19,2.5,10.79,4.79,1.65,6.36,4.62,0.01,1.32,2.16,7.48,9.69,NA,2.62,0,0.54,6.11,0.13,24.24,0.14,5.11,0.02,45.02,43.96,1.03,6.62,0,18.68,NA,5.03,0.02,0.02,0.15,0,0.95,0.72,0.52,36.79,0.02,0.08,NA,0.04,0.69,5.88,11.51,0.54,16.59,65.87,77.01,17.02,1.71
Oman,NA,5.02,0,0,3.15,0,0.25,3.72,NA,NA,7.62,0,0.19,0.16,0.12,0.29,0.02,0,0.15,0.47,1,NA,0,0,0.95,52.27,13.42,8.15,0.81,0,0,0.5,59.26,0.06,2.77,0,0.31,0.39,0.6,3.11,12.68,1.27,3.24,NA,2.43,108.26,NA,0,0.04,11.65,0.74,0.43,2.68,0.55,0.02,0.3,0.79,19.88,11.81,NA,6.86,NA,0.35,10.23,0.16,0.01,0.32,0.77,0.4,23.86,21.63,3.34,NA,0,47.26,NA,0.04,0.02,0.03,0.02,NA,0.56,0.03,2.76,23.29,0.11,NA,NA,0.14,0.22,0.02,13.09,0.98,44.36,90.36,76.95,NA,0.01
Pakistan,NA,2.54,0.01,0,0.37,0.32,1.14,0.07,0,0.01,8.62,0.01,0,0.04,0.28,0.14,0.01,0,0,0.19,4.08,NA,0.32,0.01,0.02,1.63,0.06,3.36,0.88,0,0,1.28,8.64,0,0.77,0.14,0.12,0.02,0.07,0.42,13.24,0.01,0,NA,0.08,184.57,0.7,0.04,0.01,2.3,0.8,0.01,1.85,0.3,0.63,0.02,0.01,8.43,8.01,NA,1.73,0.05,1.87,0.31,0.04,NA,0.65,0.13,0,14.7,5.86,3.55,0.1,0,17.1,0.03,2.34,0,NA,0,0.92,0.13,2.41,0.81,23.77,NA,16.83,1.02,NA,0.4,0.06,0.27,0.86,1.97,10.42,104.8,0,NA
Panama,NA,3.47,0.04,0,12.21,0.01,2.03,82.24,2.2,0.11,17.03,1.48,4.22,2.12,0.27,0.07,0.01,0,0.01,3.18,1.49,NA,0,0,0.67,0.01,0.84,6.01,1.74,0,0,0.86,12.16,0.09,1.95,0,0.17,0.04,1.15,0.24,32.58,0.1,0.77,NA,0.77,69.88,NA,8.55,0.43,0.01,0.47,1,3.75,3.63,0,0.29,0.23,6.6,9.41,NA,0.26,NA,0.37,7.42,0.04,13.38,0.02,17.72,29.86,11.06,33.82,2.99,0.54,0,122.27,NA,0.3,0,NA,0.04,NA,4.64,2.18,0.14,30.32,NA,NA,0.47,0.13,0.46,0.02,24.36,0.08,8.37,10.46,30.06,1.94,2.36
Paraguay,NA,1.85,0,0,1.79,0.2,5.48,43.67,4.07,0.93,18.61,0.05,158.22,0.01,0.15,0,0,0,NA,0.06,0.53,NA,0.2,0,0.03,0.02,0.01,12.08,2.87,0,0,3.6,16.1,3.73,0.09,0.04,1.62,0.25,0.28,1.5,64.17,0,0.01,NA,0.05,71.14,0,2.11,0.07,0.58,0.02,0.1,6.25,0.45,0,0.07,0.1,4.14,39.59,NA,0.54,0.81,0.76,0.44,0.01,28.83,0,8.14,0.09,2.99,5.99,2.03,NA,0,7.07,NA,0,NA,1.44,NA,NA,10.31,0.01,0.1,27.52,NA,NA,NA,0.25,1.91,6.32,4.43,12.99,10.34,35.14,29.44,3.6,NA
Peru,NA,5.64,0.02,0,0.87,3.97,2.12,45.75,4.15,0,4.71,0.17,28.6,0.68,0.88,1.31,0.01,0,0,1.01,3.37,NA,0.13,0.01,0.9,0,3.69,8.95,0.25,0,0,3.17,25.92,0.15,4.15,0,0.67,0.05,0.23,3.43,23.57,0,1.96,0,1.08,56.68,NA,0.77,0.66,0.84,0.32,0.06,5.05,0.85,0,0.05,0.19,14.59,19.5,NA,2.64,0.49,2.31,13.98,0.03,4.3,0,13.45,44.95,82.58,13.47,4.43,0,0,76.44,0,4.98,0,0.04,0.03,NA,2.48,1.48,0.19,22.09,NA,0,0.52,0.01,0.38,6.2,1.48,0.11,5.11,47.16,59.49,3.85,NA
Philippines,NA,1.09,0,0,22.28,0.83,0.66,17.81,4.54,0.08,4.68,0.05,23.65,0.83,0.09,1,0,0,1.58,4.73,6.16,NA,0,0,1.04,0,3.72,4.05,3.48,0,0,7.43,38.59,0.25,0.5,0.12,1.25,0.01,0,0.07,20.85,0.06,0.26,NA,0.1,1.2,NA,2.21,0.81,0.55,2.11,0.21,3.12,0,0,0.05,0.01,1.97,1.11,NA,1.43,0.95,0.41,14.04,0.06,17.83,0.01,9.25,24.02,3.64,13.87,0.21,0.25,0,180.58,0,1.11,0,0.02,0.01,NA,0.24,0.19,0.31,18.16,NA,0,1.05,0.03,0.04,4.53,8.09,0.04,3.08,57.51,27.68,0.21,0.12
Poland,NA,13.09,0,0,3.06,6.87,0.8,108.67,4.8,7.99,3.25,5.21,NA,0,2.77,0.06,0,0,0,0.2,2.3,NA,NA,12.11,0.08,0.09,4.16,6.77,0.67,0,0.01,2.01,20.02,1.19,3.35,0,0.76,0.12,0,2.97,NA,0,0,NA,0.1,178.39,NA,NA,0.04,0.03,0.87,1.9,0.31,0.7,0.04,0.19,0.32,13.61,8.98,NA,0,0,1.17,4.39,0.12,55.01,0.12,1.42,0.79,101.67,30.3,0.04,3.72,0,1.61,NA,0,25.66,NA,0,NA,0.92,0.08,0.13,44.89,NA,NA,NA,NA,1.71,0.07,0.31,0.46,24.63,87.32,105.73,3.26,NA
Polynesia,NA,2.54,0.99,0,33.15,0.22,0.01,41.3,0.58,0.1,18.65,0,6.26,0.22,0.24,2.18,0,0,1.69,95.87,1.7,NA,0,0,1.61,0.02,0.77,5.19,1.81,0,NA,0.85,53.16,0.87,0.77,0.24,0.53,0.51,1.21,0.03,0.2,0,9.38,NA,0.85,36.9,NA,30.06,3.3,3.84,0.4,0.08,3.15,1.33,0.05,0.59,0.05,2.25,3.75,NA,1.34,0,0,30.74,0.08,18.39,0.01,12.6,NA,15.93,54.6,1.14,0.03,0,26.61,NA,53.56,NA,0,0.01,NA,0.22,1.02,0.4,21.13,NA,5.44,NA,0.03,5.77,NA,15.56,0.23,3.65,34.73,58.83,5.2,5.55
Portugal,NA,29.5,0.01,0,16.39,3.26,1.76,48.36,8.84,0.44,17.77,2.33,NA,4.7,0.37,0.41,0,0,NA,0.21,5.25,NA,NA,2,3.62,0.05,31.34,8.44,4.08,0.04,0.04,3.36,37.36,0.02,1.14,0.07,0.37,0.8,0,2.44,17.78,0.73,2.13,NA,1.41,216.44,0,2.9,3.97,2.35,4.83,1.42,4.33,0.16,0,6.84,1.33,16.37,42.26,NA,0,0.04,0.31,7.72,0.03,41.95,0.06,6.05,0.01,64.14,30.58,1.31,NA,0,20.46,NA,NA,3.28,NA,0.01,NA,2.84,0.02,0.26,24.2,NA,NA,NA,NA,4.41,0.39,11.06,0.34,63.04,73.38,84.59,40.54,0.15
Republic of Korea,NA,1.81,1.19,25.65,8.13,0.41,0.95,41.47,5.25,30.42,15.79,1.52,0.05,6.75,0.26,0.02,0,0,0.94,0.08,1.45,NA,0.58,0,3.53,0.01,19.43,10.25,2.56,0,0,1.58,25.42,0.53,5.5,0.03,1.09,0.5,NA,0.32,14.9,0.02,0.21,NA,0.11,18.21,0.19,NA,9.54,0.14,2.66,0,3.8,0.94,0,0.26,0.05,27.71,15.49,NA,3.35,0.16,0.06,13.94,0.09,37.96,0.02,1.9,0,11.21,16.7,0.15,1.98,0,120.16,0.44,0.51,NA,0.41,0.57,NA,8.96,7.22,0.35,21.52,NA,0.01,NA,0.05,0.41,3.89,17.67,0.07,7.34,162.08,51.53,0.64,NA
Republic of Moldova,NA,2.68,0,0,2.22,0.87,NA,29.82,4.76,0.07,1.62,1.17,NA,0.03,1.42,0,0,0.19,NA,0.03,0.57,NA,NA,3.1,0.11,0.04,2.18,7.94,0.8,0,NA,3.95,10.67,0.36,19.76,0,0.08,0,0.17,0.93,87.23,2.05,0.89,NA,0.17,128.53,NA,5.77,0.1,0.21,0.21,0.82,1.98,1.03,0,0.02,0.52,10.29,3.14,NA,NA,0.01,0.75,4.31,0.03,19.98,0.01,0.23,0,45.65,16.14,0,0,0,3.29,NA,0,0.9,0.03,NA,NA,0.24,0.01,0.04,21.19,NA,0,NA,NA,6.29,0,9.93,0.22,15.26,49.57,41.57,10.1,NA
Romania,NA,20.53,0,0,6.41,0.55,1.95,90.97,1.62,0.44,4.95,0.9,NA,0.05,0.88,0.05,0,0,NA,0.06,2.81,NA,NA,1.44,0.1,0.05,0.63,14.35,4.95,0,0,1.91,32.31,1.22,13.41,0,0.49,0.75,0.25,2.95,34.49,0.2,0.34,NA,0.33,238.92,NA,5.13,0.19,3.92,2.29,0.2,3.34,2.6,0.02,0.23,1.22,20.88,6.95,NA,0.94,NA,0.16,2.75,0.08,35.34,2.35,0.75,3.62,98.74,19.37,0.07,NA,0,4.43,NA,0,1.1,0.09,0,NA,1.13,0.01,0.24,25.73,NA,0,NA,NA,10.2,0.02,3.12,0.13,46.27,129.07,126.84,6.88,NA
Russian Federation,NA,14.71,0.04,0,10.2,0.67,0.08,50.7,6.44,0.33,13.51,2.39,NA,0.76,0.12,0.03,0,0.69,NA,0.1,1.46,NA,NA,1.21,0.57,0.14,7.47,16.02,0.81,0,0,5.56,18.09,0.76,0.27,0,1.31,0.46,0.21,1.45,0.61,0.03,0,NA,4.06,165.45,0.68,0,0.49,1.38,0.21,2.06,3.99,3.33,NA,0.14,0.73,16.21,9.71,NA,NA,NA,1.79,5.22,0.05,26.67,0.04,0.74,0,112.12,30.98,0.66,0.03,0,8.1,NA,0,5.25,0.06,0,0,0.68,0.13,0.11,41.08,NA,0,NA,NA,11.17,0,40.33,1.06,26.23,70.6,129.43,8.93,0
Rwanda,NA,0.12,0,0,208.66,0,34.98,12.89,0.14,6.7,2.53,0.06,103.51,0,0.02,0.01,NA,0,0,0,0.03,NA,0,0.05,0,0,0,0.39,0.16,0,0,2.4,18.48,0,0,0.11,1.15,0.4,0.01,0.15,13.11,0,5.08,NA,1.73,19.62,0.41,0.4,0,2.13,0,0,1.24,0.01,NA,0,0,0.39,0.21,NA,2.49,0,1.34,0.17,0.21,1.21,0,0.6,0,93.35,1.49,0,0,0,11.54,0,12.12,0,0,0,8.92,0.17,2.09,0.06,6.03,NA,0,NA,NA,0.28,83.79,1.96,0.13,3.16,35.91,17.34,0.06,3.86
Saint Kitts and Nevis,NA,4.25,NA,0,3.46,0,0.86,35.42,3.39,0,10.88,0,0.08,0.06,0.85,0.47,NA,0,3.84,8.43,0.64,NA,0.01,0,2.59,NA,6.62,4.08,1.83,0,0,3.17,53.81,0.33,6.79,0.18,1.2,NA,0.92,1.95,0.9,0.31,11.78,NA,3.91,19.99,NA,15.37,8.26,1.85,0.71,1.25,3.5,5.32,NA,0.19,NA,6.01,6.32,NA,0,0,0,3.57,0,10.09,0,2.2,NA,15.93,55.77,4.86,NA,0,23.12,NA,9.32,0.06,NA,0.02,NA,4.73,0.21,0.95,30.91,NA,NA,NA,0,0.01,2.73,37.27,0.15,4.72,33.67,40.42,4.3,0.58
Saint Lucia,NA,4.85,0.01,0,12.26,0,1.79,68.95,5.99,5.63,7.76,0,6.45,0.15,0.14,0.04,0.01,0.17,1.55,5,0.29,NA,0,0,1.24,0.03,0.46,3.7,0.28,0,0,0.99,29.62,3.8,1.58,0,1.42,0,0.32,1.45,0.6,0.04,10.07,NA,0.01,32.13,NA,17.53,4.04,2.67,0.64,1.21,4.52,5.01,0,0.12,0.11,5.86,8.37,NA,NA,0,0.43,17.16,0.65,23.76,0.02,1.52,2.63,10.99,56.69,4.08,0.03,0,10.24,NA,6.67,0.01,0,0.02,NA,NA,0.13,1.3,40.48,NA,NA,NA,0,0.02,2.86,0.72,0.21,3.2,36.74,67.99,6.23,2.44
Saint Vincent and the Grenadines,NA,10.87,0,0,27.39,0,0.06,22.04,9.34,0.48,9.1,0,3.27,0,0.68,0.05,0.01,1.92,1.89,0,1.77,NA,0,0,0.35,0,2.21,4.49,0.29,0,0,0.17,47.97,2.2,1.08,0.47,0.5,0.03,0.14,8.23,12.63,0.14,9.08,NA,0.06,29.73,NA,25.29,1.03,0.99,0.47,0.44,2.2,3.22,0,0.19,0.02,14.06,10.4,NA,0,NA,0.36,5.3,0,8.58,0.02,0.68,28.91,7.75,72.31,8.07,NA,0,28.79,NA,31.2,NA,0.01,0,NA,3.59,0.53,2.74,42.21,NA,NA,NA,NA,NA,8.38,3.28,0.17,0.79,52.75,76.08,1.38,6.96
Samoa,NA,1.92,2.06,0,78.99,0,NA,23.13,0.27,0,9.66,0,2.1,0.21,0.38,2.36,0.01,0,3.91,172.26,1.77,NA,0.01,0,2.46,0.02,0.23,2.19,3.77,0,NA,0.46,79.16,0,0.27,0,0.54,0.61,0.24,0.01,0.44,0,3.31,NA,0.02,32.75,NA,12.68,2.77,4.88,0.18,0.2,2.33,0.48,0.12,0.02,0.03,5.29,1.65,NA,3.24,0,NA,36.88,0.16,17.33,0.01,15.4,NA,6.12,64.77,0,0,0,15.53,NA,106.64,NA,NA,0.01,NA,0,2.26,0.79,24.14,NA,0.06,NA,0.07,0.86,NA,9.94,0.47,0.34,13.8,44.73,0.33,13.4
Sao Tome and Principe,NA,0.54,NA,NA,27.46,5.66,3.55,4.75,0.33,0.01,1.35,0,5.79,0,0.03,0,0,0,1.69,122.17,0.06,NA,0.01,0,0.13,0.02,6.35,0.69,0.27,NA,0,0,26.12,0,0.17,0,0.3,0.01,0.13,0.01,6.38,NA,3.49,NA,0,6.33,NA,5.08,0.23,0.05,0.03,0.01,0.23,1.39,NA,0.52,0.22,3.15,0.69,NA,2.36,2.09,0.04,18.1,0,3.93,0,0.12,169.39,1.75,9.47,0.23,NA,0,35.94,NA,28.06,0,NA,0,NA,1.47,0.01,0.36,13.46,NA,NA,NA,NA,0.07,NA,18.39,0.03,2.17,5.22,42.65,13.57,10.05
Saudi Arabia,NA,5.21,0,0,5.98,0.02,0.25,0,NA,0,4,1.14,0.04,0.08,0.34,0.12,0.05,0.02,0.07,0.27,1.64,NA,0.42,2.74,0.63,34.87,2,6.56,0.4,0,0,4.41,10,1.16,2.68,0.04,0.56,0.33,1.18,1.74,25.26,1.55,0.38,NA,1.64,64.03,0.56,6.13,0.01,4.94,1.24,0.4,1.69,0.71,0,0.33,0.55,11.75,7.99,NA,10.37,1.02,0.18,3.82,0.11,0.18,0.07,1.26,5.94,15.62,43.36,4.79,0.02,0,51.07,0,0.09,0,0,0.7,4.42,2.3,0.11,2.44,29.68,NA,0.01,NA,0.11,1.73,0.15,1.21,0.58,14.94,35.62,96.34,0,0
Senegal,NA,0.99,0,0,1.73,0,0,2.35,0.02,0,4.95,0.08,9.69,0.15,0.1,0,0,0,0,1.4,0.62,NA,0.12,0.04,0.22,0.17,3.77,1.65,0.19,0,0,1.92,8.91,0.01,0.1,6.51,4.64,0.25,0.13,2.97,32.52,0,0.02,NA,0.65,10.98,23.08,0,0.47,2.82,0.92,0,1.81,0.03,0.07,0.03,0.05,35.21,3.27,NA,8.11,0,0.49,11.53,0.19,0.94,0.29,0.86,1.59,6.74,4.76,3.64,0,0,123.85,0,0,0,0.29,0,7.97,1.48,0.04,0.15,16.24,NA,0,NA,0.01,0.71,1.9,1.9,0.4,9.75,24.41,40.22,0.46,4.67
Serbia,NA,13.64,0,0,7.5,1.04,2.37,50.76,7.8,0.02,6.58,0.33,0,0.19,2.78,0.11,0,0,0.12,0.06,3.62,NA,NA,0.97,0.02,0.07,1.33,9.42,2.46,0,0,1.92,45.81,0.39,13.34,0,1.33,0.47,0.1,2,28.98,0.04,0.02,NA,0.18,173.12,NA,NA,0.03,3.18,1.89,0.54,3.56,3.92,0.15,0.07,0.14,0.76,5.99,NA,NA,NA,0.09,2.67,0.03,33.38,0.26,0.17,0,37.38,10.16,0.23,NA,0,0.82,NA,0.53,0.91,0.16,NA,NA,0.66,0.01,0.07,29.47,NA,0.01,NA,NA,2.11,NA,0.23,0,19.38,90.02,110.18,6.85,NA
Sierra Leone,NA,0.09,NA,0,NA,0.02,0.01,2.74,0.22,0.12,1.38,0,107.13,0.02,1.32,12.85,NA,0,NA,0.56,0.72,NA,0,0,0.03,0,7,1.41,0.07,0,0,1.3,14.79,0,0.01,1.55,5.4,0.06,0.08,0,2.1,0,1.5,NA,1.53,22.8,4.41,2.55,0.06,0.51,1.05,0,0.9,0.38,NA,0,0,2.82,0.01,NA,10.15,1.17,0.46,16.39,0,0.86,0.49,0.01,5.97,0.25,3.97,8.89,0,0,186.23,NA,0.34,0,0.35,NA,2.38,0.14,0,0.18,4.95,NA,NA,NA,NA,NA,22.75,1.63,0.07,4.18,40.82,12.89,0.08,NA
Slovakia,NA,9.51,0,0,8.85,1.88,0.28,73.22,6,0,6,4.92,NA,0.01,1.08,0.21,0,0,NA,0.16,3.28,NA,NA,8.92,0.07,0.11,3.88,12.93,4.83,0,0,2.49,8.1,0.85,7.2,0.04,1.17,0.86,0.4,2.92,NA,0.53,0.53,NA,1.92,157.93,NA,0,0.05,0.14,1.54,1.99,2.83,0.7,0.22,0.29,0.4,4.56,8.33,NA,NA,NA,0.55,2.66,0.1,37.39,0.15,1.01,1.73,50.66,13.9,0.51,13.35,1,2.46,NA,0,1.7,0.02,0,NA,1.41,0.06,0.33,6.42,NA,NA,NA,NA,3.48,0.03,68.68,0.18,9.63,48.6,65.3,5.13,NA
Slovenia,NA,37.32,0.01,0,11.88,2.27,0.89,78.57,2.08,1.14,18.94,2.1,NA,1.5,1.74,0.44,0,0,NA,0.15,4.67,NA,NA,16.78,0.56,0.24,2.62,9.87,1.76,0,0,2.29,22.28,0.5,32.75,0.05,0.83,0.76,0,2.64,30.47,1.02,0.62,NA,0.34,225.02,NA,11.26,1.08,0.86,3.62,0.73,3.45,0.22,0.05,0.91,0.49,8.27,8.52,NA,0,NA,1.08,3.29,0.09,31.84,0.67,1.12,0.48,47.43,24.41,0.06,0,0,3.4,NA,1.84,2.67,0.05,0.03,NA,3.02,0.03,0.27,18.16,NA,NA,NA,0.69,3.44,NA,26.82,0.13,10.01,73.56,98.86,9.87,NA
Solomon Islands,NA,0.47,0.16,0,0.47,0.02,0,10.67,0.03,0.01,2.71,0,4.96,0.01,0,0,NA,0.82,0.81,66.06,0.12,NA,NA,0,0.08,0,0.01,1.09,1.37,0,0,0.01,42.13,0,0.02,NA,0.14,NA,0.03,NA,0.24,0,10.45,NA,0.01,5.78,NA,7.34,0.08,0.08,0.47,0,0.52,0.29,NA,0.01,0,2.22,0.17,NA,2.1,0,0,19.51,0,4.49,0,0.01,NA,0.5,4.45,9.72,NA,0,92.78,NA,70.75,NA,0,0,NA,1.18,0.21,0.48,7.87,NA,NA,NA,NA,0,170.95,3.04,0.18,0.03,12.56,26.03,0.25,72.84
South-eastern Asia,NA,1.09,0.07,0,18.28,0.15,1.35,10.88,2.44,0.04,5.23,0.18,24.72,1.08,0.27,0.21,0.02,0,0.78,11.15,1.69,NA,0.06,0.05,3.36,0.09,4.09,6.31,1.19,0,0,16.93,32.94,1.24,0.93,0.5,3.22,0.01,0.14,0.21,24.41,0.05,3.69,NA,0.08,9.76,0.1,0.88,1.06,0.51,1.7,0.15,2.65,0.04,0,0.03,0,5.86,6.48,0,2.92,1.33,0.3,9.61,0.17,12.38,1.23,5.55,5.56,4.74,13.05,1.27,0.08,0,196.08,0.03,1.49,0,0.2,0.09,0.15,1.69,1.68,1.07,19.59,NA,2.29,1.51,0.03,0.16,4.37,5.35,0.79,2.5,62.46,21.95,0.1,0.02
South Africa,NA,2.66,0.01,0,7.11,0.07,1.35,57.1,5.91,0.07,16.57,0.3,0,0.16,0.89,0.24,0.01,0,0.04,0.07,1.06,NA,0.06,0.04,0.27,0.01,2.5,6.61,0.32,0,0,0.21,5.96,0.61,1.43,0.14,1.38,0.08,0.01,0.39,103.4,1.38,0.07,NA,0.68,53.59,0.09,0,0.11,2.88,0.12,0.99,4.95,0.04,0,0.1,0.03,9.25,2.55,NA,0.92,0.22,0.14,2.65,0,4.19,0.44,0.59,0,30.74,35.69,0.23,NA,0,24.57,NA,0,0.04,NA,0.01,3.21,4.96,1.25,0.15,33.06,NA,NA,NA,NA,5.17,0.96,16.57,0.41,9.66,22.98,57.07,6.65,0.02
South America,NA,5.84,0.03,0,22.22,0.5,7.76,51.5,2.74,0.03,29.71,0.52,27.87,0.18,0.48,1.46,0,0.01,0.03,5.19,1.88,0,0.69,0.57,0.7,0,2.16,9.16,1.89,0,0,3.19,21.83,0.51,4.01,0.02,0.68,0.08,0.08,4.69,30.21,0.2,0.42,0,0.54,126.05,0,0.61,0.33,0.65,0.91,1.91,2.9,2.09,0.01,0.2,0.4,8.94,19.64,NA,2.77,0.09,0.55,2.82,0.04,12.1,0.01,8.94,13.01,28.14,37.99,0.91,0.07,0,44.48,0.04,1.16,0.02,0.07,0.03,0,8.15,0.18,0.14,36.06,0.05,7.72,4.17,0.01,1.69,2.19,3.71,1.97,14.51,29.8,57.58,4.36,1.17
Southern Africa,NA,2.83,0.01,0,6.36,0.07,1.5,53.35,5.41,1.84,15.38,0.32,0,0.17,0.94,0.24,0.01,0,0.04,0.07,0.99,NA,0.12,0.1,0.26,0.01,2.33,5.97,0.35,0,0,0.25,7.18,0.85,1.31,0.13,1.31,0.08,0.02,0.38,100.04,1.22,0.1,NA,1.31,54.85,0.66,1.1,0.11,2.81,0.13,0.89,4.7,0.17,0,0.1,0.03,8.74,2.93,NA,0.83,0.19,0.19,2.72,0.01,4.05,0.39,1.09,0.14,30.01,32.3,0.59,0,0,23.22,NA,6.88,0.05,0,0.01,3.93,4.4,1.15,0.3,31.63,0,0,NA,0,5.26,0.89,16.57,0.41,8.92,22.96,54.48,6.58,0.02
Southern Asia,NA,2.61,0,0,13.97,0.78,3.07,0.5,1.13,0.01,2.02,0.14,2.31,0.01,0.04,0.64,0.01,0,0.13,4.84,0.47,NA,0.47,0.23,0.43,0.82,0.53,3.37,0.15,0,0,5.96,24.48,0.24,2.43,0.69,0.46,0.05,0.02,1.34,8.24,0.01,0.26,NA,0.1,102.16,5.52,0.05,0.04,0.94,1.79,0.03,0.65,0.16,0.09,0.01,0.02,13.94,5.84,0,1.68,0.01,2.19,0.89,0.06,0.19,1.01,0.75,0.31,27.66,3.7,8.62,1.49,1,104.75,0.13,0.33,0,0.06,0.05,2.19,1.77,0.54,2.03,16.45,0,2.65,1.78,0,0.85,0.88,0.57,0.86,12.81,47.16,68.77,0,0
Southern Europe,NA,10.99,0.01,0,10.62,0.78,1.79,49.42,2.64,0.3,14.02,1.5,0,2.53,0.95,0.26,0,0,0.01,0.11,4.72,NA,0.12,2.26,2.36,0.23,9.89,11.48,1.38,0,0.01,2.95,35.34,0.52,11.55,0.28,0.89,0.65,0.4,4.62,7.91,0.95,0.97,NA,1.53,211.76,0,0.75,5.81,2.18,7.19,0.41,2.93,1.81,0.03,8.97,3.43,11.87,28.94,NA,1.48,0.08,0.78,6.97,0.04,43.08,0.25,2.79,0.25,47.83,22.22,2.13,0.11,0,9.22,0,0.06,0.6,0.11,0.05,0,3.39,0.05,0.11,30.14,NA,0,NA,0.31,6.45,0.18,4.47,0.18,46.6,88.84,119.91,23.16,0.01
Spain,NA,10.01,0.02,0,8.44,0.61,1.1,75.88,1.95,0.68,12.74,1.02,NA,1.69,0.11,0.64,0,0,NA,0.09,4.07,NA,0.3,1.42,3.49,0.21,12.97,13.73,1.98,0,0,2.88,29.34,0.48,3.73,0.01,1.42,0.74,NA,2.23,1.98,0.68,0.81,NA,1.56,180.02,NA,0,9.18,1.94,8.04,0.43,3.01,1.84,0.05,10.81,2.19,18.86,31.27,NA,NA,0.08,0.81,11.44,0.02,53.62,0.02,4.28,0,57.95,30.39,3.09,0.11,0,11.84,NA,0,0.5,0.07,0,0,3.26,0.05,0.1,31.92,NA,NA,NA,0.98,11.28,0.13,2,0.11,64.93,62.75,98.07,21.16,0.01
Sri Lanka,NA,1.37,0.04,0,2.62,0,1.44,6.67,0.22,0,1.11,0.07,9.51,0.2,0,0.06,0,0,1.19,72.51,0.29,NA,0,0.02,1.04,0.41,1.96,4.27,0.06,0,0,4.77,6.66,0,0.77,0.04,0.03,0.01,0.1,0.15,6.07,0.02,2.1,NA,0,11.19,0.41,0.21,0.02,0.09,1.38,0,1.02,0.47,NA,0.01,0.02,16.8,1.15,NA,NA,0.17,1.57,20.76,0.75,0.05,2.31,1.76,27.13,9.32,7.78,6.82,0.01,0,166.64,0.27,0,0,0.28,0.04,0.04,0.14,0,2.3,27.2,NA,0,0.08,NA,0.15,1.4,0.52,2.59,3.72,29.31,39.26,0.07,NA
Sudan,NA,0.16,0,0,19.64,0.01,0.35,0,0,0,7.72,0.11,0,NA,0.01,0,0,0,0,0.01,1.01,NA,0.24,0,0,9.57,0,1.19,0.85,0,0,0.89,27.58,4.93,0.11,4.48,2.98,0.02,0.02,6.06,1.97,0,0.04,NA,3.59,105.38,15.25,0.73,0,8.47,0,0,2.83,0.19,0.99,0.01,0.02,37.57,3.64,NA,0.44,0,0.09,0.1,0.01,0,0.28,0.09,0,9.92,1.6,10.32,0,0,3.13,0,0,0,0.98,0.81,65.34,0,0,0.13,30.74,NA,7.35,0,0,3.31,5.35,0.85,0.51,14.7,32.21,45.06,0,4.12
Suriname,NA,0.76,NA,0,18.17,0,0.67,43.44,4.08,0.11,4.28,0.3,10.47,0,0.24,6.32,0,0,0,5.05,0.39,NA,0.04,0,4.31,0.02,0.83,6.29,0.2,NA,NA,0.83,11.5,2.4,0.8,0,1.94,0.05,0.69,0.29,1.77,0.07,4.57,NA,0.19,12.55,NA,13.75,0.07,0.04,0.18,0.55,0.67,2.07,NA,0.11,0.04,8.5,32.67,NA,NA,NA,1.21,6.07,0.01,6.82,0.02,6.64,21.47,16.29,31.06,0.12,NA,0,103.41,NA,0.96,0,0,0.02,0,10.69,0.41,0.22,40.5,NA,3.73,NA,0.21,2.53,0.85,14.18,0.66,3,50.98,56.28,0.88,NA
Sweden,NA,7.55,0,0,9.18,1.8,0.1,55.97,3.76,0,24.26,6.95,NA,0.08,0.24,0.63,0.01,0,0,0.19,9.9,NA,0,11.55,7.55,0.33,9.3,13.5,0.9,0,0,8.9,20.64,0.69,2.85,0.01,1.1,0.81,0.24,2.97,1.13,0.07,0.72,NA,1.54,304.12,NA,8.35,0.86,1.4,1.85,0.96,0.16,1.6,0.01,0.9,1.13,8.15,18.68,NA,0,0,1.3,5.41,0.13,33.27,0.18,2.01,0.23,52.54,16.6,0.34,2.14,0,6.06,NA,0,9.25,0.17,0.01,NA,0.1,0.24,0.58,31.94,NA,0,NA,NA,2.53,0.12,14.09,0.38,15.54,61.99,95.61,22.45,0
Switzerland,NA,16.67,0.04,0,10.77,1.8,0.25,56.74,2.5,2.28,19.77,4.8,NA,0.45,0.94,0.51,0,0,0.86,0.2,6.71,NA,0,0.35,2.6,0.3,2.58,10,3.78,0,0,5.86,31.58,1.09,4.63,0.82,0.43,1.23,0,1.76,0.85,NA,1.56,NA,1.32,310.67,0,NA,1.17,1.47,4.42,2.21,2.88,4.9,0.01,1.7,0.78,4.77,15.99,NA,NA,NA,1.24,2.72,0.1,29.24,0.19,2.14,0.17,39.89,15.72,0.36,4.65,0,2.58,NA,0.04,1.02,0.16,0.05,NA,0.89,0.28,0.42,43.05,NA,NA,NA,NA,5.9,0.12,11.03,0.22,14.25,72.99,101.84,31.41,0.02
Tajikistan,NA,9.07,0,0,0.16,4.39,1.97,0.76,0.59,0.03,5.78,0.02,NA,0,0.03,0,NA,0,0,NA,0.27,NA,4.09,0,0,NA,0.11,2.44,NA,NA,NA,0.18,9.59,0,21.45,NA,1.36,0.44,0.11,0.45,5.81,0,0.02,NA,0,56.67,NA,2.15,0,6.08,0.63,0.03,2.32,0,NA,0,0.01,53.76,0.24,NA,0,0,0.72,0.07,0.33,0.16,NA,0,NA,31.68,4.45,NA,0.21,NA,11.93,0,NA,0,0.09,NA,NA,0.23,0,0,16.2,NA,0,NA,NA,4.56,NA,1.33,0.34,41.26,113.82,122.48,0.16,NA
Thailand,NA,1.24,0.36,0,8.73,NA,0.82,30.07,9.88,0.17,2.16,0.16,11.59,2.96,0.28,0.16,0,0,0.35,11.55,0.51,NA,0,0.06,2.25,0.01,1.75,12.36,0.78,0,0,9.02,59.04,2.44,3.55,0.3,0.9,0,0.1,1.16,5.16,0.01,0.06,NA,0,14.73,NA,0,2.16,0.05,1.04,0.04,1.33,0.01,0,0.07,0.01,0.77,8.18,NA,2.49,0.05,0.11,10.97,0.07,12.22,5.9,7.88,NA,3.64,12.95,1.67,NA,0,177.77,0.14,5.54,0,0.09,0.08,NA,4.72,1.56,1.37,43.04,NA,NA,NA,NA,0.45,0.18,1.8,0.89,2.23,36.88,11.51,0.06,0
Timor-Leste,NA,0.86,0,0,0.39,0.15,7.1,3.35,0.07,0.03,1.49,0,21.05,0.05,0.14,NA,NA,0.13,0.36,0.04,7.69,NA,0.06,0,0.14,0,0.01,0.8,0.7,NA,NA,0.08,12.78,0,0.09,NA,3.04,0.33,0.01,0.03,92.12,0,3.18,NA,16.09,1.02,NA,6.94,0.28,0.42,0.01,0,0.9,0.53,NA,0.01,0,0.96,2.2,NA,4.38,NA,NA,4.24,0.01,9.27,0,0.08,NA,1.42,4.24,0,0,0,95.03,NA,17.68,NA,NA,0,NA,0.01,1.3,0.37,8.75,NA,NA,NA,NA,0,2.79,12.93,0.09,0.43,23.48,18.06,0.03,NA
Togo,NA,0.32,0,NA,2.83,0,12.92,6.5,0.55,1.94,1.72,0.06,105.06,0,0.39,0,0,0,0.25,0.48,0.73,NA,1.05,0,0,0.01,2.44,0.95,0.21,0,0,4.52,3.17,0,0.03,0.44,3.69,0,0.02,0.01,75.87,0,1.41,NA,0.8,6.45,2.59,6.61,0,1.69,0,0,0.69,0.02,NA,0.01,0,0.03,1.67,NA,8.75,2,0.01,3.36,0.01,1.31,0.45,0.06,NA,0.46,7.06,2.77,0,0,22.76,NA,1.63,NA,0,0,22.37,0,0,0.07,11.67,NA,NA,NA,NA,0.01,0.91,4.63,0.03,3.76,15.47,16.79,0.04,70.55
Trinidad and Tobago,NA,2.63,0,0,3.03,2.38,0.76,19.67,3.84,0.73,4.72,0,1.83,0.12,4.07,2.95,0.01,0,0.29,9.54,0.7,0,0,0,1.95,0.02,5.26,4.14,2.86,0,0.01,1.47,32.1,0.67,2.4,0.22,2.17,0.01,2.23,1.81,10.01,0.01,6.67,NA,0.57,29.47,NA,0.24,0.44,2.28,0.95,1.04,1.88,4.17,0,0.23,0.08,5.94,0.24,NA,NA,0.26,3.36,7.94,0.09,6.54,0.06,1.87,3.2,28.74,54.54,5.03,0,0,23.1,NA,4.44,0,0.02,0.03,NA,7.64,0.24,2.2,54.52,NA,NA,NA,0.22,0.01,0.96,2.99,0.22,4.68,25.46,93.39,1.23,0.02
Tunisia,NA,9.33,0,0,4.66,5.45,0.26,9.68,0.09,0.12,5.56,1.36,0,0.35,0.77,11.1,0,0,0.24,0.01,2.62,NA,0,1.84,0.35,6.7,4.79,7.79,0.41,0,0,0.25,30.4,7.62,8.33,0,0.49,0.3,0.2,4.44,0,2.62,0.32,NA,0.29,111.94,0,0,0.2,5.47,6.03,0.01,1.6,7.82,NA,2.86,0.73,14.6,11.17,NA,2.42,NA,0.62,6.89,0.08,0,0.34,0.1,NA,30.63,17.03,6.57,0.21,NA,1.18,NA,NA,0,0.97,0.02,0.47,4.45,1.3,1.41,34.49,NA,NA,NA,NA,1.04,0,1.21,0.8,95.77,162.21,200.4,2.26,NA
Turkey,NA,27.65,0,0,6.07,NA,2.87,10.56,1.06,0.05,12.9,2.69,0,0.05,0.01,0.07,0,0,0,0.19,0.72,NA,2.57,0.01,0.03,0.8,0.75,7.43,0.04,0,0,1.18,35.83,1.3,24.99,0,2.1,1.26,0.19,5.11,20.25,1.15,0,NA,0.02,175.85,NA,NA,0.26,5.3,8.76,0.01,1.61,0.95,0,2.09,2.29,18.83,26.33,NA,6.07,0,0.16,2.57,0.05,0,0.26,0.18,0,46.85,20.64,9.78,NA,0,15.95,NA,0.01,2.44,0.51,0.45,NA,0,0.01,2.03,30.53,NA,NA,NA,NA,5.83,NA,0.15,3.04,103.98,131.3,143.69,0.5,NA
Turkmenistan,NA,14.09,0,0,0,1.58,0.01,0.19,0.03,0,29.47,0.65,NA,0,1,0.07,0,0.02,0,0.01,0.6,NA,2.95,0,0,0.23,0.01,7.07,3.99,0,NA,2.63,17.01,0.01,24.46,NA,0.08,0.01,0.15,0.01,0.17,0,0.01,NA,0,145.28,NA,3.33,0,25.9,0.39,0.04,0.81,1.93,0,0.02,0.09,18.76,1.13,NA,NA,NA,1.22,0.29,0,0.32,0.01,0,NA,31.64,4.52,0.19,0,0,24.13,NA,NA,0.03,0.01,NA,0,0.02,0.07,0.01,7.13,NA,NA,NA,0.65,2.85,0,2.14,0.68,55.51,68.83,176.69,6.71,NA
Uganda,NA,0.1,0,0,13.43,0,24.91,8.51,0.41,57.57,4.17,0,78.18,0,0.52,0,0,0.06,0,0,0.04,NA,0.19,0,0,0.01,0,0.88,0.38,0,0,11.14,1.14,0,0.01,0.15,4.32,0.01,0.01,0,46.1,0,0.13,NA,0,37.51,3.58,0.4,0,1.07,0,0,1.22,0.41,NA,0.01,0,7.72,0.06,NA,3.91,0.11,0.32,0,0.03,2.93,0.08,0,107.33,4.34,1.52,0.61,0,0,9.45,0,0,0,1.24,0.67,2.12,0.66,0.01,0.03,11.22,NA,0,0.23,1.26,1.95,50.89,2.14,0.04,0.49,20.61,11.05,0.06,NA
Ukraine,NA,12.45,0.01,0,5.36,2.96,NA,38.37,4.71,0.04,6.91,1.81,0,0.08,3.89,0.01,0,0.14,NA,0.05,0.99,NA,NA,0,0.37,0.11,2.56,14.43,1.18,0,0,2.12,19.44,0.38,6.67,0,0.01,0.06,0.12,1.02,13.27,0.04,0.19,NA,0.5,146.18,0.18,NA,0.6,0.3,1.38,3.9,2.29,5.01,NA,0.03,0.21,21.07,4.57,NA,NA,NA,1.09,5.75,0.05,16.59,0.04,0.3,NA,131.26,22.62,0.78,0.07,NA,3.78,NA,0,8.08,NA,0,0.88,0.48,0.03,0.1,38.93,NA,NA,NA,NA,5.45,0,27.41,0.39,44.35,96.02,123.21,1.79,NA
United Arab Emirates,NA,14.27,0,0,17.06,1.64,2.99,NA,NA,0,7.35,1,0.69,0.28,0.06,0.44,0.15,0,NA,3.29,1.39,NA,NA,0,0.63,11.91,8.4,7.48,1.37,0,0,6.4,20.2,1.15,5.09,0.08,1.95,0.37,0.3,9.95,1.44,1.25,2.26,NA,2.76,33.23,0,11.59,0.67,8.44,7.33,NA,2.63,0.52,0,0.42,1.88,26.38,13.7,NA,0.2,NA,4.1,6.07,0.11,NA,1.07,6.87,2.24,10.29,43.47,19.42,0.02,0,56.7,0.01,0.04,NA,0.17,0.04,NA,5.75,0.29,2.68,36.76,NA,NA,NA,NA,1.68,0.2,8.8,0.67,8.38,69.06,102.19,NA,NA
United Kingdom of Great Britain and Northern Ireland,NA,16.15,0.01,0,15.5,0.69,0.19,71.58,2.08,1.94,17.8,2.59,NA,0.19,0.16,0.29,0,0,0,0.35,2.82,NA,0,1.07,3.58,0.24,8.47,11.23,1.31,0,0,2.92,21.72,1.54,5.24,0.04,2.44,0.77,0.76,2.17,3.21,0.39,0.07,NA,1.19,223.65,NA,11.28,1.23,4.26,1.63,6.35,1.91,0.4,0.02,1.05,0.63,8.94,23.16,NA,0,0,2.2,3.26,0.17,24.71,0.14,2.94,0.66,92.27,31.94,1.3,7.26,0,7.56,NA,0.01,0.42,0.09,0.04,NA,2.1,0.21,0.87,35.16,NA,NA,NA,NA,2.03,NA,8.16,1.63,14.46,59.51,99.89,19.57,0.19
United Republic of Tanzania,NA,0.11,0,0,44.61,0,17.35,8.55,0.05,44.05,5.49,0.46,70.9,0.03,0.51,0.74,0.15,0.01,0.23,6.89,0.2,NA,0.26,0,0.05,0.08,0.78,0.35,0,0,0,5.38,11.47,0,0.09,0.11,6.33,0.53,0.02,0.29,62.95,0.51,0.04,NA,0.46,39.21,2.48,0.22,0.01,1.12,0.49,0,0,1.32,0.26,0.01,0,4.07,6.96,NA,4.06,0.11,0.67,0.5,0.01,0.27,0.14,7.1,8.07,19.66,1.88,7.38,0,0,38.97,NA,0.04,0,NA,0.41,4.93,0.07,0.1,0.03,11.44,NA,0,0.01,1.41,3.56,71.84,0.08,0.14,9.23,32.81,12.03,0.07,0.17
United States of America,NA,17.61,0.04,0,11.98,0.18,2.86,81.97,6.33,0.06,37.08,2.23,0.04,0.63,0.66,0.01,0,0,0.2,0.23,4.4,NA,0.43,0.01,6.43,0.19,4.58,15.57,1.09,0,0,5.07,20.77,1.41,6.77,0.2,4.67,0.64,0,4.7,12.04,2.01,0.02,NA,0.81,254.87,NA,NA,2.98,0.51,3.51,3.48,0.39,0.3,0.01,0.97,0.59,11.52,20.28,NA,0,0.05,0.6,2.66,0.19,30.02,0.36,5.17,1.11,52.76,55.68,0.3,1.73,0,10.77,NA,0.33,0.66,0.06,NA,0.42,13.6,0.11,0.41,32.96,NA,NA,NA,0.54,0.11,3.02,32.16,0.47,32.16,69.72,80.84,8,0.08
Uruguay,NA,10.48,0,0,12.71,0.95,1.02,33.06,2,0.32,31.65,1.21,0.08,0.28,1.16,0,0,0,NA,0.37,0.69,NA,0.05,0.02,0.24,0.02,2.54,11.83,1.96,0,0.01,1.53,14.03,0.73,1.14,0.09,1.1,1.8,0.21,5.11,29.06,1.98,0.43,NA,0.91,188.79,NA,5.76,0.7,1.78,0.2,0.28,1.78,3.31,0,0.81,2.43,8.27,36.42,NA,NA,NA,0.65,3.52,0.04,14.23,0.07,1.1,0.14,28.4,9.12,1.28,0,0,16.65,NA,0,NA,0.05,0,NA,7.75,0.06,0.12,41.23,NA,NA,NA,0,1.78,17.9,8.93,8.71,12.26,39.4,108.09,18.96,NA
Uzbekistan,NA,24.15,0,0,0.12,2.85,NA,8.37,3.49,0,27.08,0.24,NA,0,0.93,0,NA,0,0.07,0,0.35,NA,7.2,0.62,0,0,0.01,6.59,1.64,0,0,2.08,37.93,0.09,33.81,0,0.34,0.2,0.09,0.01,6.03,0.38,0.03,NA,0.12,217.97,NA,0.65,0,4.3,1.2,0.09,3.23,0.66,0,0.01,0.02,27.56,0.22,NA,NA,NA,0,0.14,0.01,0.95,0,0.03,NA,53.39,1.96,0.04,0.06,0,10.9,NA,0,0.01,0.17,0,0,0.67,0,0.06,10.23,NA,0,NA,NA,2.25,0,0.29,0.83,73.37,173.22,173.89,0.78,NA
Vanuatu,NA,0.93,0,0,51.9,0.88,0,0.56,1.33,0.04,9.68,0,0,0.12,0.05,0.02,0,0,3.63,150.61,0.34,NA,NA,0,3.15,0,0.27,2.46,1.04,0,NA,0.33,22.22,0.01,0.1,0,8.75,0,0.01,0.29,0.14,0,11.9,NA,0.11,16.65,NA,3.76,0.19,0.31,0.05,0,2.33,0.89,NA,0.06,0,0,0.57,NA,0.06,NA,0,12.44,0,14.26,0,0.18,0,2.59,11.66,0,0.05,0,39.73,NA,164.37,NA,0,0,NA,0.05,0.35,0.48,11.56,NA,NA,NA,NA,0.08,0,6.35,0.06,0.23,51.16,43.29,1.25,NA
Venezuela (Bolivarian Republic of),NA,0.06,0,0,12.84,0,2.86,26.17,1.51,0,14.66,0.07,6.89,0.03,0,0,0,0,0.22,0.2,1.57,NA,0.04,0.11,0.44,0,1.26,3.62,0.25,0,0,1.13,23.11,0.25,0.66,0.01,0.04,0.02,0.02,2.14,58,1.21,0.02,NA,0.04,100.32,NA,0.73,1,0.22,0.01,0.16,2.22,3.76,0,0.01,0.02,4.6,12.87,NA,2.75,0,0.12,6.21,0,5.74,0,14.19,15.56,11.89,20.28,0.59,0.02,0,33.41,NA,5.07,0,NA,0.29,NA,5.44,0,0.01,33.37,NA,0,1.45,0.01,0.91,0.27,1.59,0.01,6.18,33.51,46.5,0.04,3.27
Viet Nam,NA,1.65,0.06,0,18.58,0,1.83,17.73,2.85,0.04,12.89,0.18,6.11,2.75,0,0,0.06,0.02,1.22,2.9,1.98,NA,0,0.04,4.89,0,0.26,4.39,2.13,0,0,15.16,41.14,6.12,1.4,0.38,3.68,0,0.18,0.04,11.2,0,9.59,NA,0.18,8.66,NA,NA,2.71,0.19,4.38,0.03,5.92,0.01,NA,0.01,0,6.03,9.74,NA,0,0,NA,2.31,0.39,37.74,1.46,5.56,0,3.91,12.33,1.07,0.02,0,218.47,0.05,NA,0,NA,0.08,NA,1.29,5.42,1.04,10.41,NA,11.63,NA,NA,0.08,5.1,7.91,2.11,0.85,163.65,11.08,0.19,NA
Western Africa,NA,0.26,0,0,1.58,0.02,1.12,9.64,0.27,31.35,2.96,0.1,99.22,0.02,0.73,10.67,0,0.01,0.12,1.15,0.18,NA,0.49,0,0.19,0.18,1.79,1.95,0.17,0,0,3.51,12.23,0.07,0.04,1.9,4.73,0.06,0.05,0.36,32.34,0,0.93,NA,1.62,13.96,17.92,1.22,0.05,2.29,1.5,0.03,1.41,0.64,0.95,0.02,0,8.02,3.33,0,5.35,1.33,0.06,5.08,0.02,1.26,0.83,6.84,22.34,3.61,2.81,9.44,0.01,0,60.55,0,6.89,0,0.27,0.04,25.96,0.45,0.98,1.03,9.01,0,0.49,0.04,0,0.06,10.39,1.02,0.17,14.69,42.69,20.43,0.32,84.21
Western Asia,NA,13.48,0,0,6.54,0.85,1.4,7.08,1,0.03,8.65,1.35,0.04,0.08,0.2,0.2,0.02,0.01,0.03,0.35,1.2,0,0.95,0.41,0.25,8.36,1.63,7,0.34,0,0,2.31,25.76,0.88,11.74,0.04,1.15,0.57,0.39,3.71,14.23,1.04,0.36,NA,0.42,96.73,0.31,2.62,0.15,4.61,4.19,0.13,1.64,1.22,0.02,1.08,1.43,12.65,14.51,NA,5.1,0.17,0.57,2.86,0.05,0.56,0.16,0.74,1.01,29.17,24.02,6.18,0.31,0,28.17,0,0.05,0.83,0.48,0.34,1.75,1.38,0.05,1.32,29.22,0,0.01,0,0.12,4.24,0.04,3.35,1.5,49.55,75.46,127.03,0.55,0
Western Europe,NA,13.35,0.04,0,9.92,0.84,0.33,68.49,4.65,2.98,18.05,5.74,NA,0.5,1.2,0.32,0,0,0.04,0.2,5.82,NA,0,5.63,2.13,0.23,7.55,11.81,1.64,0.1,0.01,4.33,22.66,1.23,10.08,0.36,1.06,0.82,0,2.12,9.18,0.41,0.32,NA,1.7,269.44,0.05,1.23,2.26,1.57,3.67,1.2,3.05,1.22,0.07,1.19,0.92,6.49,18.04,0,0.26,0,0.49,4.6,0.15,41.53,0.15,2.55,0.45,62.48,20.07,0.54,3.87,0,5.96,NA,0.01,4.77,0.03,0.03,NA,4.26,0.48,0.38,38.82,0,0,NA,0,4.02,0.07,10.4,0.34,16.42,72.3,96.2,28.86,0.03
World,0,8.56,0.17,0.19,12,1.07,2.58,25.14,2.93,3.68,9,0.69,13.81,0.47,0.95,1.57,0.01,0.02,0.16,2.84,1.27,0,0.4,0.58,2.06,0.95,2.87,9.94,0.94,0.01,0,8.2,26.25,1.08,4.46,0.54,2.43,0.23,0.12,1.87,19.58,0.3,1.04,0,0.84,87.99,2.81,0.86,2.65,1.86,2.09,0.58,2.27,0.73,0.1,0.39,0.4,11.9,11.66,0,1.99,0.22,0.97,3.1,0.07,15.7,0.55,2.84,3.78,33.47,15.18,4.02,1.22,0,81.43,0.06,1.93,0.64,0.18,0.1,3.32,2.93,1.41,0.88,19.67,0.05,1.81,0.88,0.07,1.34,7.87,5.43,0.91,20.81,109.47,65.62,3.12,4.73
Yemen,NA,0.43,0,0,3.97,0,0.58,0.22,0,0,4.26,0.01,NA,0.01,0,0.02,0,0,0.02,0.08,0.71,NA,0.04,0,0,2.49,0.51,1.56,0.26,0,0,0,13.77,0,4.6,0.01,0.18,0.08,0.06,0.76,14.72,0.01,NA,NA,0.1,11.44,2.04,1.17,0,3.97,0.01,0,1.71,1.11,0,0.07,0.02,3.62,4.38,NA,4.57,0.01,1.65,2.65,0,0,0,0.64,NA,6.52,8.53,3,0,0,22.78,0,0,0,0.26,0.25,9.89,0.02,0,0.21,29.14,NA,0,NA,0,0.44,0.01,1.31,0.62,5.39,10.43,115.15,0,NA
Zambia,NA,0.41,0,0,0.07,0,0.03,23.5,0.51,16.82,4.89,0.09,45.9,0,0.5,0.08,NA,0,0,0.01,0.33,NA,0.58,0,0.01,0,0.02,2.42,0.51,0,0,7.71,5.91,0.01,0.13,0.18,6.48,0,0.06,0.01,135.57,0,0.05,NA,2.37,12.51,0.55,1.47,0,0.62,0.01,0.03,2.17,0,NA,0.01,0,2.47,0.51,NA,2.2,0,0,4.26,0,1.81,0.04,0.11,0,2.01,3.42,1.23,0,0,2.11,0,0,0,0,0,0.5,0.97,6.32,0.29,10.04,NA,0,NA,0.52,0.8,8.8,1.1,0.12,1.4,20.79,11.63,0.01,NA
Zimbabwe,NA,1.26,0,0,6.38,0.21,1.53,16.63,4.47,6.08,6.9,0.15,15.73,0,0.21,0.12,0,0,0,0.02,0.12,NA,1.09,0.07,0.01,0,0.06,1.81,0.28,0,0.01,2.26,1.91,0.47,0.15,0.41,2.22,0,0.03,0.78,111.21,1.05,0.04,NA,2.58,29.95,2.74,1.33,0,1.72,0.35,0.06,1.41,2.03,NA,0.01,0,0.24,3.75,NA,0.48,0.01,0.76,1.37,0.04,1.78,0,0.05,NA,4.25,4.68,0.6,0.02,0,4.2,NA,0.08,0,0,0,4.92,3.59,0.62,0.13,21.29,NA,NA,NA,0.17,2.88,0.14,10.13,0.89,1.97,13.48,29.37,0.23,NA
